Carrier,ArrDelay,Month,DayofMonth,Ratio,Total Delay
AA,16,1,1,0.4074,702
AA,47,1,2,0.4001,697
AA,19,1,3,0.2925,511
AA,23,1,4,0.2983,522
AA,22,1,5,0.3598,552
AA,43,1,6,0.3827,651
AA,35,1,7,0.3349,579
AA,36,1,8,0.3368,576
AA,16,1,9,0.1775,304
AA,100,1,10,0.1969,341
AA,16,1,11,0.2242,389
AA,84,1,12,0.1158,172
AA,21,1,13,0.2171,365
AA,36,1,14,0.2247,388
AA,16,1,15,0.1125,192
AA,37,1,16,0.1409,241
AA,114,1,17,0.4047,701
AA,48,1,18,0.3485,605
AA,16,1,19,0.2327,346
AA,111,1,20,0.1679,282
AA,102,1,21,0.3946,681
AA,33,1,22,0.4596,785
AA,45,1,23,0.3250,556
AA,86,1,24,0.2634,456
AA,111,1,25,0.3456,600
AA,20,1,26,0.2552,379
AA,32,1,27,0.3550,595
AA,16,1,28,0.3320,573
AA,16,1,29,0.4375,746
AA,37,1,30,0.2700,463
AA,116,1,31,0.5188,897
AA,46,2,1,0.4645,805
AA,79,2,2,0.2780,412
AA,34,2,3,0.3298,553
AA,35,2,4,0.3853,665
AA,43,2,5,0.4227,722
AA,45,2,6,0.2946,505
AA,17,2,7,0.2387,413
AA,44,2,8,0.3997,693
AA,111,2,9,0.2256,335
AA,38,2,10,0.3015,506
AA,67,2,11,0.3177,549
AA,177,2,12,0.4578,782
AA,142,2,13,0.3618,619
AA,25,2,14,0.3175,549
AA,26,2,15,0.4044,700
AA,19,2,16,0.4177,596
AA,21,2,17,0.3556,564
AA,39,2,18,0.4208,709
AA,32,2,19,0.2719,465
AA,56,2,20,0.1741,298
AA,55,2,21,0.3881,671
AA,38,2,22,0.3733,645
AA,37,2,23,0.2879,427
AA,17,2,24,0.2825,474
AA,85,2,25,0.3281,566
AA,46,2,26,0.3680,627
AA,25,2,27,0.2258,387
AA,97,2,28,0.2058,356
AA,23,2,29,0.3445,597
AA,58,3,1,0.1980,294
AA,18,3,2,0.2919,489
AA,16,3,3,0.5220,900
AA,25,3,4,0.2797,478
AA,18,3,5,0.2382,408
AA,68,3,6,0.2233,385
AA,25,3,7,0.5258,907
AA,32,3,8,0.4178,630
AA,115,3,9,0.3740,628
AA,27,3,10,0.2307,397
AA,36,3,11,0.1511,258
AA,90,3,12,0.1756,301
AA,25,3,13,0.2235,386
AA,49,3,14,0.3113,538
AA,73,3,15,0.3070,463
AA,26,3,16,0.2607,438
AA,26,3,17,0.3550,611
AA,63,3,18,0.3070,524
AA,16,3,19,0.5020,860
AA,31,3,20,0.3588,620
AA,50,3,21,0.3791,655
AA,97,3,22,0.3265,492
AA,39,3,23,0.2845,478
AA,18,3,24,0.2019,348
AA,42,3,25,0.3331,570
AA,44,3,26,0.2113,362
AA,52,3,27,0.3409,589
AA,43,3,28,0.3561,615
AA,37,3,29,0.2288,345
AA,22,3,30,0.4782,802
AA,32,3,31,0.5125,882
AA,24,4,1,0.3347,572
AA,53,4,2,0.2491,426
AA,15,4,3,0.3413,589
AA,80,4,4,0.4864,839
AA,77,4,5,0.2397,361
AA,69,4,6,0.3263,542
AA,26,4,7,0.3225,556
AA,51,4,8,0.2676,467
AA,33,4,9,0.2013,351
AA,29,4,10,0.2676,467
AA,46,4,11,0.2947,516
AA,23,4,12,0.2541,415
AA,29,4,13,0.2341,400
AA,55,4,14,0.1787,312
AA,188,4,15,0.1564,273
AA,56,4,16,0.2532,442
AA,17,4,17,0.2334,407
AA,23,4,18,0.2450,429
AA,21,4,19,0.1513,247
AA,221,4,20,0.2608,446
AA,22,4,21,0.2304,402
AA,35,4,22,0.2291,400
AA,26,4,23,0.2819,492
AA,79,4,24,0.2852,498
AA,30,4,25,0.4617,808
AA,117,4,26,0.3092,505
AA,232,4,27,0.2188,374
AA,38,4,28,0.3859,673
AA,55,4,29,0.1994,348
AA,16,4,30,0.1561,272
AA,67,5,1,0.2617,457
AA,108,5,2,0.6061,1057
AA,35,5,3,0.2491,406
AA,32,5,4,0.1889,323
AA,22,5,5,0.3391,592
AA,19,5,6,0.3922,684
AA,17,5,7,0.4928,860
AA,24,5,8,0.2854,498
AA,24,5,9,0.3238,565
AA,20,5,10,0.2330,380
AA,33,5,11,0.3626,619
AA,39,5,12,0.2888,504
AA,22,5,13,0.3076,537
AA,1124,5,14,0.4989,871
AA,27,5,15,0.2978,520
AA,81,5,16,0.3978,695
AA,16,5,17,0.1754,286
AA,40,5,18,0.2559,437
AA,130,5,19,0.2632,459
AA,19,5,20,0.2669,466
AA,28,5,21,0.2148,375
AA,23,5,22,0.3580,624
AA,16,5,23,0.2904,507
AA,24,5,24,0.2213,355
AA,24,5,25,0.1713,279
AA,18,5,26,0.1924,331
AA,68,5,27,0.4026,703
AA,31,5,28,0.2711,473
AA,25,5,29,0.1777,310
AA,121,5,30,0.3085,538
AA,18,5,31,0.2798,456
AA,15,6,1,0.2743,462
AA,33,6,2,0.2071,356
AA,70,6,3,0.3765,642
AA,115,6,4,0.4204,718
AA,29,6,5,0.4848,831
AA,17,6,6,0.4108,705
AA,17,6,7,0.3439,551
AA,63,6,8,0.3608,605
AA,49,6,9,0.5376,922
AA,55,6,10,0.3660,624
AA,34,6,11,0.3036,518
AA,24,6,12,0.3382,582
AA,31,6,13,0.4550,783
AA,35,6,14,0.3032,486
AA,53,6,15,0.4201,707
AA,119,6,16,0.4027,693
AA,47,6,17,0.4733,808
AA,15,6,18,0.3290,563
AA,117,6,19,0.6304,1085
AA,63,6,20,0.4405,759
AA,93,6,21,0.3006,481
AA,144,6,22,0.4537,765
AA,96,6,23,0.3911,673
AA,18,6,24,0.2668,456
AA,33,6,25,0.3487,596
AA,18,6,26,0.3955,681
AA,40,6,27,0.3987,687
AA,86,6,28,0.3752,601
AA,21,6,29,0.4508,760
AA,17,6,30,0.3020,520
AA,21,7,1,0.1965,336
AA,80,7,2,0.3002,522
AA,71,7,3,0.2076,361
AA,16,7,4,0.1514,201
AA,33,7,5,0.1317,213
AA,57,7,6,0.2624,448
AA,64,7,7,0.4200,732
AA,42,7,8,0.3498,609
AA,126,7,9,0.3529,614
AA,21,7,10,0.2434,424
AA,22,7,11,0.2724,474
AA,18,7,12,0.3311,537
AA,24,7,13,0.3318,566
AA,40,7,14,0.3230,563
AA,16,7,15,0.3155,550
AA,61,7,16,0.2343,408
AA,26,7,17,0.2260,394
AA,21,7,18,0.2830,493
AA,24,7,19,0.3420,555
AA,176,7,20,0.2755,470
AA,37,7,21,0.2423,422
AA,18,7,22,0.2683,468
AA,73,7,23,0.2918,508
AA,131,7,24,0.4265,743
AA,32,7,25,0.2351,410
AA,42,7,26,0.2065,335
AA,300,7,27,0.3077,525
AA,19,7,28,0.3005,524
AA,18,7,29,0.2174,379
AA,73,7,30,0.4062,706
AA,18,7,31,0.3454,602
AA,44,8,1,0.3364,588
AA,30,8,2,0.3190,520
AA,262,8,3,0.2607,446
AA,42,8,4,0.2864,500
AA,77,8,5,0.2768,483
AA,89,8,6,0.2150,375
AA,32,8,7,0.3240,566
AA,28,8,8,0.2633,460
AA,214,8,9,0.2629,428
AA,94,8,10,0.3189,546
AA,196,8,11,0.3438,601
AA,23,8,12,0.2797,488
AA,46,8,13,0.1759,307
AA,260,8,14,0.2887,504
AA,52,8,15,0.5598,978
AA,28,8,16,0.2558,417
AA,25,8,17,0.2319,397
AA,26,8,18,0.2872,502
AA,18,8,19,0.2330,407
AA,20,8,20,0.4372,763
AA,98,8,21,0.2887,504
AA,20,8,22,0.2989,521
AA,238,8,23,0.2234,364
AA,18,8,24,0.1480,253
AA,29,8,25,0.1873,327
AA,26,8,26,0.1644,287
AA,23,8,27,0.1794,313
AA,37,8,28,0.2160,377
AA,18,8,29,0.3198,559
AA,24,8,30,0.1698,266
AA,21,8,31,0.1220,194
AA,50,9,1,0.1529,261
AA,28,9,2,0.1752,301
AA,29,9,3,0.1308,213
AA,36,9,4,0.2190,359
AA,35,9,5,0.1382,227
AA,17,9,6,0.1469,209
AA,20,9,7,0.1196,190
AA,19,9,8,0.2389,391
AA,142,9,9,0.2446,400
AA,15,9,10,0.1174,192
AA,18,9,11,0.1293,212
AA,31,9,12,0.2761,453
AA,39,9,13,0.2985,425
AA,70,9,14,0.3054,485
AA,20,9,15,0.1160,190
AA,100,9,16,0.0930,152
AA,16,9,17,0.0910,149
AA,74,9,18,0.0976,160
AA,68,9,19,0.1292,212
AA,58,9,20,0.0837,119
AA,24,9,21,0.2117,336
AA,23,9,22,0.1485,243
AA,20,9,23,0.1076,176
AA,82,9,24,0.1847,302
AA,20,9,25,0.2001,328
AA,15,9,26,0.2584,424
AA,42,9,27,0.1390,198
AA,33,9,28,0.1764,280
AA,21,9,29,0.1996,327
AA,23,9,30,0.1443,236
AA,97,10,1,0.0858,140
AA,38,10,2,0.0967,159
AA,17,10,3,0.1405,231
AA,17,10,4,0.0863,123
AA,16,10,5,0.1535,244
AA,107,10,6,0.1726,283
AA,17,10,7,0.1454,238
AA,19,10,8,0.1411,231
AA,31,10,9,0.1709,281
AA,16,10,10,0.1253,206
AA,19,10,11,0.1403,200
AA,27,10,12,0.1289,205
AA,25,10,13,0.1128,185
AA,29,10,14,0.1429,234
AA,20,10,15,0.3091,506
AA,15,10,16,0.1873,308
AA,287,10,17,0.1290,212
AA,19,10,18,0.0954,136
AA,16,10,19,0.1465,233
AA,138,10,20,0.1530,251
AA,17,10,21,0.1380,226
AA,19,10,22,0.2156,353
AA,28,10,23,0.1691,278
AA,25,10,24,0.1837,302
AA,57,10,25,0.1634,233
AA,20,10,26,0.2210,351
AA,25,10,27,0.2778,455
AA,29,10,28,0.1759,288
AA,41,10,29,0.1179,193
AA,49,10,30,0.1509,248
AA,22,10,31,0.1265,208
AA,59,11,1,0.1142,159
AA,57,11,2,0.1220,183
AA,29,11,3,0.1186,185
AA,60,11,4,0.0943,146
AA,21,11,5,0.1347,210
AA,83,11,6,0.2214,346
AA,23,11,7,0.2283,357
AA,72,11,8,0.1278,169
AA,16,11,9,0.1099,167
AA,28,11,10,0.1628,254
AA,19,11,11,0.1906,295
AA,56,11,12,0.2322,362
AA,158,11,13,0.1887,295
AA,142,11,14,0.2052,321
AA,46,11,15,0.1362,180
AA,33,11,16,0.1342,204
AA,23,11,17,0.1128,176
AA,21,11,18,0.0846,131
AA,116,11,19,0.0956,149
AA,38,11,20,0.1289,202
AA,33,11,21,0.1390,218
AA,18,11,22,0.0968,128
AA,41,11,23,0.0841,128
AA,21,11,24,0.1133,177
AA,34,11,25,0.1082,168
AA,17,11,26,0.0685,107
AA,99,11,27,0.0821,90
AA,21,11,28,0.0954,134
AA,45,11,29,0.1256,166
AA,50,11,30,0.4423,674
AA,20,12,1,0.4424,691
AA,31,12,2,0.1561,242
AA,186,12,3,0.1531,239
AA,18,12,4,0.1418,222
AA,34,12,5,0.1232,193
AA,18,12,6,0.1377,182
AA,18,12,7,0.1932,294
AA,55,12,8,0.1325,207
AA,34,12,9,0.2781,431
AA,21,12,10,0.2319,362
AA,19,12,11,0.2256,353
AA,54,12,12,0.1935,303
AA,20,12,13,0.1214,161
AA,97,12,14,0.2109,321
AA,85,12,15,0.3502,547
AA,28,12,16,0.5916,917
AA,66,12,17,0.3551,555
AA,17,12,18,0.3826,606
AA,193,12,19,0.3601,575
AA,51,12,20,0.3968,538
AA,36,12,21,0.4524,699
AA,20,12,22,0.3699,587
AA,25,12,23,0.4003,632
AA,28,12,24,0.3915,570
AA,21,12,25,0.1870,276
AA,21,12,26,0.3045,483
AA,19,12,27,0.6320,857
AA,36,12,28,0.1864,288
AA,16,12,29,0.1097,174
AA,143,12,30,0.1488,235
AA,17,12,31,0.1795,273
MQ,28,1,1,0.4018,579
MQ,15,1,2,0.4511,651
MQ,74,1,3,0.1704,245
MQ,43,1,4,0.1666,239
MQ,37,1,5,0.2433,290
MQ,71,1,6,0.3014,419
MQ,103,1,7,0.2592,373
MQ,18,1,8,0.3828,552
MQ,44,1,9,0.1284,185
MQ,57,1,10,0.2219,320
MQ,20,1,11,0.2106,303
MQ,17,1,12,0.0814,97
MQ,82,1,13,0.1619,225
MQ,28,1,14,0.2594,374
MQ,28,1,15,0.1409,203
MQ,18,1,16,0.0979,141
MQ,41,1,17,0.4076,587
MQ,84,1,18,0.3375,485
MQ,49,1,19,0.2062,246
MQ,36,1,20,0.1971,274
MQ,60,1,21,0.3528,508
MQ,42,1,22,0.4774,687
MQ,26,1,23,0.3746,539
MQ,75,1,24,0.2039,294
MQ,39,1,25,0.3023,435
MQ,78,1,26,0.3908,465
MQ,45,1,27,0.3866,537
MQ,47,1,28,0.2977,429
MQ,68,1,29,0.3588,517
MQ,21,1,30,0.2609,376
MQ,45,1,31,0.4571,661
MQ,23,2,1,0.4186,604
MQ,46,2,2,0.3391,370
MQ,25,2,3,0.2931,410
MQ,64,2,4,0.2524,364
MQ,20,2,5,0.4401,636
MQ,24,2,6,0.2639,381
MQ,30,2,7,0.3696,534
MQ,15,2,8,0.3724,537
MQ,18,2,9,0.1622,177
MQ,39,2,10,0.3062,428
MQ,102,2,11,0.3643,526
MQ,49,2,12,0.4550,657
MQ,93,2,13,0.3640,526
MQ,24,2,14,0.2185,316
MQ,21,2,15,0.3053,440
MQ,62,2,16,0.2931,316
MQ,45,2,17,0.3080,417
MQ,19,2,18,0.4341,622
MQ,16,2,19,0.3223,466
MQ,40,2,20,0.1743,252
MQ,28,2,21,0.4245,613
MQ,21,2,22,0.4456,643
MQ,15,2,23,0.1700,186
MQ,28,2,24,0.1644,230
MQ,21,2,25,0.2967,429
MQ,52,2,26,0.3548,513
MQ,51,2,27,0.2285,330
MQ,15,2,28,0.1542,223
MQ,21,2,29,0.3779,545
MQ,19,3,1,0.1236,135
MQ,158,3,2,0.1997,275
MQ,52,3,3,0.4072,579
MQ,17,3,4,0.3336,475
MQ,24,3,5,0.1538,219
MQ,15,3,6,0.1570,223
MQ,80,3,7,0.4796,681
MQ,35,3,8,0.3327,359
MQ,43,3,9,0.3763,517
MQ,15,3,10,0.2674,380
MQ,19,3,11,0.3219,458
MQ,22,3,12,0.1343,191
MQ,21,3,13,0.1730,246
MQ,15,3,14,0.2099,298
MQ,33,3,15,0.1591,172
MQ,21,3,16,0.2084,287
MQ,25,3,17,0.2754,391
MQ,16,3,18,0.3134,446
MQ,18,3,19,0.4526,644
MQ,31,3,20,0.2263,322
MQ,48,3,21,0.3319,471
MQ,31,3,22,0.3090,334
MQ,32,3,23,0.1546,213
MQ,17,3,24,0.1680,239
MQ,123,3,25,0.3982,567
MQ,32,3,26,0.1104,157
MQ,18,3,27,0.3003,427
MQ,24,3,28,0.3434,488
MQ,16,3,29,0.1386,150
MQ,16,3,30,0.4067,560
MQ,34,3,31,0.4533,645
MQ,17,4,1,0.3310,471
MQ,42,4,2,0.1441,205
MQ,21,4,3,0.2319,330
MQ,18,4,4,0.4096,582
MQ,16,4,5,0.1593,172
MQ,45,4,6,0.2108,290
MQ,18,4,7,0.1967,286
MQ,54,4,8,0.2840,414
MQ,47,4,9,0.2679,390
MQ,67,4,10,0.4701,684
MQ,43,4,11,0.3802,554
MQ,125,4,12,0.2159,245
MQ,20,4,13,0.1956,277
MQ,17,4,14,0.1351,197
MQ,16,4,15,0.1661,242
MQ,17,4,16,0.2298,335
MQ,34,4,17,0.1557,227
MQ,15,4,18,0.2402,350
MQ,24,4,19,0.1109,126
MQ,58,4,20,0.1955,277
MQ,17,4,21,0.1674,244
MQ,33,4,22,0.1207,176
MQ,19,4,23,0.1982,289
MQ,31,4,24,0.2044,298
MQ,30,4,25,0.3498,509
MQ,15,4,26,0.2833,321
MQ,33,4,27,0.2465,349
MQ,58,4,28,0.3056,445
MQ,16,4,29,0.1262,184
MQ,50,4,30,0.1324,193
MQ,23,5,1,0.1372,200
MQ,56,5,2,0.4711,685
MQ,22,5,3,0.2074,240
MQ,19,5,4,0.1157,164
MQ,15,5,5,0.2503,365
MQ,64,5,6,0.2390,348
MQ,23,5,7,0.4406,642
MQ,22,5,8,0.1962,286
MQ,20,5,9,0.2186,318
MQ,16,5,10,0.1265,146
MQ,24,5,11,0.3232,458
MQ,26,5,12,0.1750,255
MQ,122,5,13,0.2599,379
MQ,32,5,14,0.3819,556
MQ,16,5,15,0.1687,246
MQ,15,5,16,0.2301,335
MQ,18,5,17,0.0910,105
MQ,28,5,18,0.1150,163
MQ,20,5,19,0.1311,191
MQ,15,5,20,0.1989,290
MQ,48,5,21,0.1427,208
MQ,70,5,22,0.2244,327
MQ,23,5,23,0.2074,302
MQ,15,5,24,0.1275,147
MQ,38,5,25,0.0765,99
MQ,19,5,26,0.1006,145
MQ,62,5,27,0.2591,377
MQ,30,5,28,0.1619,236
MQ,32,5,29,0.1071,156
MQ,59,5,30,0.3155,459
MQ,19,5,31,0.1513,174
MQ,134,6,1,0.2073,303
MQ,40,6,2,0.1074,162
MQ,30,6,3,0.3106,469
MQ,16,6,4,0.3565,538
MQ,47,6,5,0.3801,574
MQ,22,6,6,0.3214,485
MQ,18,6,7,0.2901,356
MQ,194,6,8,0.2464,362
MQ,29,6,9,0.4122,622
MQ,30,6,10,0.3095,467
MQ,24,6,11,0.2563,387
MQ,47,6,12,0.2414,364
MQ,18,6,13,0.3181,479
MQ,21,6,14,0.1899,233
MQ,22,6,15,0.4135,607
MQ,19,6,16,0.3168,478
MQ,15,6,17,0.3781,569
MQ,24,6,18,0.1537,232
MQ,68,6,19,0.4293,647
MQ,65,6,20,0.3163,477
MQ,104,6,21,0.1935,237
MQ,92,6,22,0.3288,483
MQ,24,6,23,0.2061,311
MQ,17,6,24,0.1834,277
MQ,50,6,25,0.3227,486
MQ,24,6,26,0.3731,563
MQ,27,6,27,0.3718,561
MQ,33,6,28,0.3140,385
MQ,21,6,29,0.4125,606
MQ,54,6,30,0.2298,347
MQ,17,7,1,0.1423,214
MQ,17,7,2,0.2387,360
MQ,33,7,3,0.1870,282
MQ,16,7,4,0.0696,88
MQ,44,7,5,0.0857,106
MQ,113,7,6,0.1426,209
MQ,40,7,7,0.3523,532
MQ,49,7,8,0.2750,415
MQ,19,7,9,0.2940,444
MQ,18,7,10,0.2278,344
MQ,24,7,11,0.2727,411
MQ,15,7,12,0.2402,299
MQ,40,7,13,0.2938,431
MQ,26,7,14,0.2821,426
MQ,45,7,15,0.1762,266
MQ,15,7,16,0.1658,250
MQ,18,7,17,0.1530,231
MQ,20,7,18,0.2741,413
MQ,26,7,19,0.3339,416
MQ,21,7,20,0.2086,306
MQ,17,7,21,0.2331,352
MQ,36,7,22,0.2013,304
MQ,60,7,23,0.1417,214
MQ,25,7,24,0.2739,413
MQ,15,7,25,0.2450,369
MQ,61,7,26,0.1279,159
MQ,15,7,27,0.1863,273
MQ,75,7,28,0.1980,299
MQ,15,7,29,0.1630,246
MQ,315,7,30,0.2745,414
MQ,22,7,31,0.3438,517
MQ,40,8,1,0.3539,517
MQ,47,8,2,0.1396,169
MQ,19,8,3,0.2145,305
MQ,18,8,4,0.2556,375
MQ,101,8,5,0.3401,499
MQ,26,8,6,0.1562,229
MQ,37,8,7,0.2011,295
MQ,99,8,8,0.1596,234
MQ,105,8,9,0.1772,215
MQ,68,8,10,0.2221,316
MQ,21,8,11,0.2718,399
MQ,18,8,12,0.1683,247
MQ,18,8,13,0.0831,122
MQ,56,8,14,0.1486,218
MQ,31,8,15,0.3322,487
MQ,24,8,16,0.1350,164
MQ,19,8,17,0.0935,133
MQ,18,8,18,0.1479,217
MQ,22,8,19,0.1628,239
MQ,18,8,20,0.2742,402
MQ,27,8,21,0.1663,244
MQ,15,8,22,0.2456,360
MQ,69,8,23,0.1319,160
MQ,54,8,24,0.1574,224
MQ,113,8,25,0.1316,193
MQ,40,8,26,0.1717,252
MQ,24,8,27,0.1220,179
MQ,23,8,28,0.1397,205
MQ,19,8,29,0.2266,332
MQ,20,8,30,0.0943,105
MQ,17,8,31,0.0889,111
MQ,30,9,1,0.0907,127
MQ,55,9,2,0.1461,213
MQ,32,9,3,0.1299,176
MQ,90,9,4,0.2402,325
MQ,16,9,5,0.0970,131
MQ,28,9,6,0.0900,97
MQ,109,9,7,0.0835,109
MQ,17,9,8,0.2210,299
MQ,24,9,9,0.1818,246
MQ,23,9,10,0.1072,145
MQ,20,9,11,0.1167,158
MQ,32,9,12,0.3084,416
MQ,30,9,13,0.3370,363
MQ,17,9,14,0.2757,360
MQ,23,9,15,0.1765,239
MQ,86,9,16,0.0827,112
MQ,16,9,17,0.0643,87
MQ,369,9,18,0.1242,168
MQ,39,9,19,0.1013,137
MQ,25,9,20,0.0715,77
MQ,20,9,21,0.2144,280
MQ,33,9,22,0.1589,215
MQ,34,9,23,0.0651,88
MQ,15,9,24,0.1425,193
MQ,25,9,25,0.1053,143
MQ,53,9,26,0.1667,226
MQ,20,9,27,0.1223,132
MQ,25,9,28,0.1052,138
MQ,1025,9,29,0.1804,245
MQ,15,9,30,0.0990,134
MQ,35,10,1,0.0824,105
MQ,15,10,2,0.0717,91
MQ,19,10,3,0.1372,174
MQ,22,10,4,0.0522,53
MQ,619,10,5,0.1229,151
MQ,54,10,6,0.1448,185
MQ,20,10,7,0.1432,183
MQ,57,10,8,0.0994,127
MQ,58,10,9,0.0897,114
MQ,33,10,10,0.1159,147
MQ,46,10,11,0.0574,58
MQ,16,10,12,0.0721,88
MQ,41,10,13,0.0819,104
MQ,15,10,14,0.1165,148
MQ,16,10,15,0.2693,342
MQ,26,10,16,0.1701,216
MQ,401,10,17,0.0954,121
MQ,102,10,18,0.0603,61
MQ,103,10,19,0.0819,100
MQ,18,10,20,0.1094,139
MQ,15,10,21,0.0906,115
MQ,27,10,22,0.1543,196
MQ,100,10,23,0.0843,107
MQ,25,10,24,0.1838,233
MQ,569,10,25,0.0682,69
MQ,44,10,26,0.2498,305
MQ,85,10,27,0.2764,351
MQ,73,10,28,0.1598,203
MQ,16,10,29,0.0764,97
MQ,19,10,30,0.1047,133
MQ,17,10,31,0.0931,118
MQ,103,11,1,0.0561,56
MQ,21,11,2,0.1119,126
MQ,15,11,3,0.0731,87
MQ,99,11,4,0.0412,49
MQ,22,11,5,0.0899,107
MQ,27,11,6,0.2420,289
MQ,15,11,7,0.2232,266
MQ,23,11,8,0.1195,116
MQ,16,11,9,0.1288,147
MQ,22,11,10,0.1168,139
MQ,23,11,11,0.2475,294
MQ,15,11,12,0.2681,319
MQ,48,11,13,0.1608,192
MQ,22,11,14,0.2039,243
MQ,15,11,15,0.1308,127
MQ,26,11,16,0.1586,181
MQ,34,11,17,0.1294,154
MQ,18,11,18,0.1076,128
MQ,36,11,19,0.1118,133
MQ,68,11,20,0.1918,229
MQ,55,11,21,0.1435,171
MQ,17,11,22,0.1143,111
MQ,129,11,23,0.0815,93
MQ,21,11,24,0.1832,218
MQ,35,11,25,0.1462,174
MQ,19,11,26,0.1189,142
MQ,51,11,27,0.0762,67
MQ,64,11,28,0.1014,103
MQ,145,11,29,0.0905,88
MQ,19,11,30,0.5320,607
MQ,32,12,1,0.6235,742
MQ,32,12,2,0.2878,341
MQ,15,12,3,0.2855,338
MQ,21,12,4,0.1532,182
MQ,40,12,5,0.1772,210
MQ,22,12,6,0.2969,285
MQ,17,12,7,0.2058,234
MQ,39,12,8,0.1655,196
MQ,24,12,9,0.3556,421
MQ,25,12,10,0.3530,418
MQ,16,12,11,0.2155,256
MQ,114,12,12,0.1688,200
MQ,18,12,13,0.0896,86
MQ,26,12,14,0.1847,210
MQ,147,12,15,0.4764,564
MQ,15,12,16,0.4367,517
MQ,16,12,17,0.6334,750
MQ,31,12,18,0.3881,458
MQ,19,12,19,0.4783,563
MQ,15,12,20,0.4154,395
MQ,16,12,21,0.4854,547
MQ,138,12,22,0.5170,608
MQ,69,12,23,0.5013,590
MQ,23,12,24,0.4927,504
MQ,19,12,25,0.3893,392
MQ,41,12,26,0.3313,389
MQ,63,12,27,0.4995,475
MQ,89,12,28,0.3313,373
MQ,34,12,29,0.1065,125
MQ,611,12,30,0.1422,167
MQ,15,12,31,0.2092,210
OO,44,1,1,0.3167,490
OO,118,1,2,0.2893,497
OO,21,1,3,0.2375,405
OO,47,1,4,0.2917,484
OO,103,1,5,0.5168,786
OO,61,1,6,0.5344,871
OO,55,1,7,0.3352,546
OO,58,1,8,0.2950,469
OO,20,1,9,0.2182,350
OO,17,1,10,0.2166,352
OO,76,1,11,0.1880,306
OO,25,1,12,0.0887,118
OO,29,1,13,0.1750,266
OO,38,1,14,0.1446,235
OO,17,1,15,0.2099,334
OO,183,1,16,0.1236,198
OO,27,1,17,0.2949,478
OO,56,1,18,0.2783,453
OO,40,1,19,0.1761,234
OO,23,1,20,0.2194,332
OO,119,1,21,0.5991,976
OO,45,1,22,0.4034,643
OO,45,1,23,0.3250,522
OO,15,1,24,0.3403,553
OO,42,1,25,0.3352,546
OO,38,1,26,0.2632,350
OO,43,1,27,0.3026,460
OO,21,1,28,0.4280,696
OO,35,1,29,0.3007,479
OO,20,1,30,0.1869,300
OO,52,1,31,0.3105,503
OO,37,2,1,0.3214,522
OO,35,2,2,0.2657,355
OO,52,2,3,0.3617,549
OO,116,2,4,0.3769,614
OO,30,2,5,0.2356,377
OO,24,2,6,0.3126,503
OO,66,2,7,0.2708,440
OO,49,2,8,0.3453,560
OO,48,2,9,0.1551,207
OO,26,2,10,0.2376,360
OO,22,2,11,0.2130,345
OO,19,2,12,0.2331,370
OO,108,2,13,0.2583,419
OO,23,2,14,0.4024,668
OO,19,2,15,0.2032,338
OO,28,2,16,0.1993,288
OO,174,2,17,0.2802,445
OO,116,2,18,0.3178,526
OO,15,2,19,0.2324,379
OO,36,2,20,0.1645,272
OO,34,2,21,0.2587,429
OO,78,2,22,0.2946,490
OO,21,2,23,0.2465,355
OO,20,2,24,0.3417,543
OO,25,2,25,0.2658,441
OO,48,2,26,0.2043,332
OO,25,2,27,0.1065,176
OO,18,2,28,0.1094,181
OO,27,2,29,0.3211,534
OO,17,3,1,0.1850,267
OO,25,3,2,0.3327,545
OO,22,3,3,0.2330,400
OO,156,3,4,0.1445,242
OO,16,3,5,0.1150,196
OO,29,3,6,0.1272,218
OO,202,3,7,0.1435,247
OO,118,3,8,0.1973,289
OO,18,3,9,0.2309,378
OO,18,3,10,0.1026,176
OO,62,3,11,0.0753,126
OO,19,3,12,0.0856,146
OO,33,3,13,0.2118,363
OO,18,3,14,0.2366,406
OO,22,3,15,0.2162,317
OO,39,3,16,0.2288,375
OO,17,3,17,0.2191,376
OO,34,3,18,0.2088,350
OO,117,3,19,0.2452,418
OO,35,3,20,0.1614,277
OO,202,3,21,0.1880,327
OO,181,3,22,0.1971,289
OO,27,3,23,0.1030,167
OO,21,3,24,0.1592,273
OO,18,3,25,0.2873,481
OO,52,3,26,0.1221,208
OO,83,3,27,0.1981,340
OO,19,3,28,0.1830,315
OO,24,3,29,0.1942,283
OO,33,3,30,0.3219,524
OO,223,3,31,0.3539,608
OO,61,4,1,0.2224,373
OO,18,4,2,0.0982,168
OO,18,4,3,0.1495,256
OO,145,4,4,0.2107,362
OO,29,4,5,0.1470,207
OO,31,4,6,0.1950,317
OO,64,4,7,0.1200,209
OO,81,4,8,0.1290,209
OO,39,4,9,0.1366,231
OO,61,4,10,0.2833,483
OO,57,4,11,0.2296,391
OO,46,4,12,0.1603,213
OO,35,4,13,0.1015,160
OO,115,4,14,0.1227,209
OO,37,4,15,0.1061,172
OO,27,4,16,0.1418,239
OO,28,4,17,0.0906,154
OO,15,4,18,0.1610,274
OO,30,4,19,0.1361,181
OO,200,4,20,0.1046,164
OO,17,4,21,0.0748,127
OO,25,4,22,0.0892,144
OO,29,4,23,0.1816,304
OO,54,4,24,0.1815,306
OO,67,4,25,0.1751,296
OO,26,4,26,0.1565,207
OO,19,4,27,0.0958,149
OO,25,4,28,0.1682,284
OO,45,4,29,0.0838,135
OO,19,4,30,0.0528,88
OO,19,5,1,0.2193,366
OO,55,5,2,0.2073,346
OO,26,5,3,0.1023,134
OO,23,5,4,0.1531,232
OO,28,5,5,0.0744,124
OO,24,5,6,0.0979,155
OO,106,5,7,0.2748,457
OO,21,5,8,0.1236,206
OO,168,5,9,0.0791,132
OO,29,5,10,0.0966,127
OO,18,5,11,0.2200,334
OO,16,5,12,0.1090,182
OO,32,5,13,0.1058,168
OO,23,5,14,0.1400,233
OO,40,5,15,0.1673,279
OO,26,5,16,0.1253,209
OO,22,5,17,0.0842,111
OO,118,5,18,0.0892,136
OO,30,5,19,0.1056,176
OO,36,5,20,0.1694,269
OO,25,5,21,0.1279,212
OO,21,5,22,0.2725,454
OO,34,5,23,0.2218,370
OO,59,5,24,0.1474,192
OO,25,5,25,0.0501,59
OO,275,5,26,0.1388,227
OO,27,5,27,0.1180,192
OO,24,5,28,0.0592,98
OO,25,5,29,0.1427,237
OO,86,5,30,0.2580,429
OO,17,5,31,0.1635,216
OO,20,6,1,0.1278,194
OO,17,6,2,0.0759,126
OO,29,6,3,0.2329,370
OO,34,6,4,0.3247,537
OO,19,6,5,0.3030,519
OO,26,6,6,0.2240,384
OO,23,6,7,0.2000,297
OO,294,6,8,0.2034,326
OO,19,6,9,0.2347,403
OO,29,6,10,0.1208,205
OO,139,6,11,0.1901,325
OO,30,6,12,0.2099,360
OO,227,6,13,0.2075,358
OO,62,6,14,0.1428,215
OO,20,6,15,0.2246,361
OO,54,6,16,0.2631,451
OO,37,6,17,0.1576,267
OO,15,6,18,0.0865,148
OO,18,6,19,0.1125,193
OO,42,6,20,0.1741,300
OO,33,6,21,0.1017,153
OO,99,6,22,0.1998,321
OO,19,6,23,0.2000,343
OO,41,6,24,0.1606,272
OO,70,6,25,0.2749,470
OO,48,6,26,0.3098,531
OO,61,6,27,0.2908,501
OO,24,6,28,0.2282,342
OO,250,6,29,0.2431,389
OO,25,6,30,0.1364,232
OO,58,7,1,0.1429,240
OO,20,7,2,0.1604,272
OO,25,7,3,0.1084,184
OO,25,7,4,0.0941,109
OO,52,7,5,0.0902,128
OO,64,7,6,0.2352,377
OO,54,7,7,0.3089,536
OO,34,7,8,0.2149,286
OO,16,7,9,0.1626,60
OO,100,7,10,0.1615,281
OO,23,7,11,0.2354,412
OO,16,7,12,0.2360,359
OO,67,7,13,0.2132,348
OO,183,7,14,0.1548,269
OO,33,7,15,0.1527,259
OO,15,7,16,0.1490,258
OO,17,7,17,0.1214,211
OO,46,7,18,0.2283,399
OO,17,7,19,0.2199,334
OO,204,7,20,0.2256,368
OO,25,7,21,0.1854,320
OO,56,7,22,0.1287,216
OO,16,7,23,0.1202,206
OO,21,7,24,0.1390,239
OO,45,7,25,0.1597,276
OO,16,7,26,0.0651,98
OO,34,7,27,0.2259,366
OO,19,7,28,0.1791,308
OO,19,7,29,0.1132,190
OO,30,7,30,0.0883,151
OO,20,7,31,0.1640,282
OO,26,8,1,0.1913,331
OO,32,8,2,0.1074,162
OO,20,8,3,0.1483,241
OO,27,8,4,0.2939,507
OO,33,8,5,0.2239,376
OO,24,8,6,0.1700,290
OO,67,8,7,0.1852,319
OO,81,8,8,0.1594,276
OO,20,8,9,0.1667,252
OO,76,8,10,0.1298,211
OO,18,8,11,0.1045,180
OO,17,8,12,0.0668,112
OO,20,8,13,0.0524,89
OO,77,8,14,0.0853,147
OO,33,8,15,0.1392,241
OO,28,8,16,0.1753,264
OO,85,8,17,0.1789,290
OO,20,8,18,0.1605,275
OO,19,8,19,0.1269,202
OO,32,8,20,0.1278,206
OO,59,8,21,0.1510,254
OO,44,8,22,0.1897,321
OO,49,8,23,0.1146,152
OO,18,8,24,0.1076,167
OO,30,8,25,0.0971,163
OO,15,8,26,0.0931,146
OO,87,8,27,0.0521,83
OO,51,8,28,0.0785,132
OO,16,8,29,0.0810,137
OO,61,8,30,0.0554,64
OO,27,8,31,0.0800,80
OO,31,9,1,0.0933,148
OO,29,9,2,0.0727,110
OO,52,9,3,0.0733,114
OO,21,9,4,0.1484,235
OO,15,9,5,0.0908,145
OO,99,9,6,0.0386,47
OO,29,9,7,0.0869,130
OO,15,9,8,0.1983,300
OO,132,9,9,0.1291,187
OO,15,9,10,0.0921,139
OO,56,9,11,0.1446,222
OO,19,9,12,0.2434,376
OO,62,9,13,0.2154,254
OO,16,9,14,0.2558,373
OO,16,9,15,0.1674,254
OO,56,9,16,0.1445,209
OO,45,9,17,0.1284,194
OO,19,9,18,0.0801,123
OO,15,9,19,0.0732,113
OO,15,9,20,0.0491,58
OO,24,9,21,0.1934,282
OO,29,9,22,0.0846,128
OO,24,9,23,0.0360,52
OO,16,9,24,0.0889,134
OO,24,9,25,0.0692,106
OO,130,9,26,0.0889,137
OO,17,9,27,0.0654,77
OO,86,9,28,0.0551,80
OO,56,9,29,0.1858,281
OO,43,9,30,0.0897,129
OO,40,10,1,0.0464,69
OO,27,10,2,0.1306,198
OO,17,10,3,0.1257,192
OO,20,10,4,0.1628,188
OO,16,10,5,0.1587,229
OO,75,10,6,0.0756,113
OO,36,10,7,0.1344,192
OO,30,10,8,0.0870,130
OO,18,10,9,0.0712,108
OO,15,10,10,0.1321,201
OO,55,10,11,0.1816,209
OO,21,10,12,0.1975,285
OO,18,10,13,0.0808,121
OO,25,10,14,0.0615,88
OO,18,10,15,0.1389,208
OO,29,10,16,0.0777,118
OO,16,10,17,0.0786,120
OO,31,10,18,0.0587,68
OO,23,10,19,0.1566,226
OO,56,10,20,0.1514,227
OO,78,10,21,0.0740,106
OO,15,10,22,0.0800,120
OO,17,10,23,0.0697,106
OO,24,10,24,0.1128,173
OO,15,10,25,0.0696,80
OO,15,10,26,0.1653,238
OO,28,10,27,0.2238,335
OO,67,10,28,0.0854,122
OO,117,10,29,0.1124,168
OO,18,10,30,0.0964,146
OO,44,10,31,0.1417,203
OO,102,11,1,0.1755,201
OO,22,11,2,0.1833,261
OO,15,11,3,0.1571,230
OO,18,11,4,0.0875,122
OO,51,11,5,0.1687,247
OO,185,11,6,0.1121,167
OO,19,11,7,0.1429,213
OO,63,11,8,0.1270,145
OO,34,11,9,0.0949,135
OO,16,11,10,0.1263,185
OO,15,11,11,0.1692,236
OO,16,11,12,0.2332,341
OO,44,11,13,0.1242,185
OO,153,11,14,0.1027,153
OO,35,11,15,0.0384,44
OO,23,11,16,0.0794,113
OO,21,11,17,0.1051,154
OO,26,11,18,0.0436,61
OO,24,11,19,0.1645,241
OO,31,11,20,0.2450,365
OO,22,11,21,0.0869,130
OO,21,11,22,0.1190,136
OO,25,11,23,0.0671,96
OO,51,11,24,0.1345,193
OO,20,11,25,0.0573,85
OO,17,11,26,0.1235,183
OO,15,11,27,0.1357,117
OO,32,11,28,0.1028,95
OO,18,11,29,0.1441,202
OO,40,11,30,0.3678,552
OO,36,12,1,0.4184,633
OO,24,12,2,0.2108,308
OO,30,12,3,0.2469,364
OO,26,12,4,0.2887,433
OO,19,12,5,0.1536,231
OO,55,12,6,0.1532,180
OO,22,12,7,0.2094,300
OO,30,12,8,0.2684,393
OO,22,12,9,0.2099,294
OO,25,12,10,0.0959,141
OO,19,12,11,0.1162,175
OO,17,12,12,0.1791,269
OO,212,12,13,0.2561,296
OO,23,12,14,0.4289,618
OO,21,12,15,0.4178,618
OO,48,12,16,0.4280,603
OO,32,12,17,0.3491,517
OO,41,12,18,0.3389,511
OO,59,12,19,0.5059,766
OO,37,12,20,0.4769,670
OO,134,12,21,0.4695,693
OO,20,12,22,0.4947,751
OO,73,12,23,0.5165,769
OO,108,12,24,0.5101,605
OO,28,12,25,0.3008,348
OO,40,12,26,0.4685,713
OO,57,12,27,0.5239,746
OO,28,12,28,0.2497,371
OO,30,12,29,0.2161,320
OO,52,12,30,0.2416,358
OO,25,12,31,0.2316,283
US,18,1,1,0.2188,280
US,15,1,2,0.2433,325
US,27,1,3,0.2235,299
US,39,1,4,0.1738,234
US,40,1,5,0.2609,293
US,36,1,6,0.1908,233
US,35,1,7,0.1986,257
US,15,1,8,0.2014,257
US,22,1,9,0.1172,153
US,29,1,10,0.1574,210
US,16,1,11,0.2127,285
US,34,1,12,0.0848,87
US,17,1,13,0.1775,216
US,60,1,14,0.1391,180
US,18,1,15,0.1160,148
US,102,1,16,0.0889,116
US,36,1,17,0.3111,415
US,16,1,18,0.2231,299
US,21,1,19,0.2164,222
US,16,1,20,0.1134,138
US,22,1,21,0.2048,265
US,40,1,22,0.2484,317
US,15,1,23,0.1724,225
US,19,1,24,0.2226,297
US,33,1,25,0.1545,207
US,17,1,26,0.1404,144
US,51,1,27,0.2970,360
US,70,1,28,0.1716,222
US,36,1,29,0.1042,133
US,18,1,30,0.1604,210
US,21,1,31,0.2282,304
US,115,2,1,0.3522,472
US,30,2,2,0.1345,138
US,64,2,3,0.2490,300
US,62,2,4,0.3182,413
US,48,2,5,0.2016,258
US,41,2,6,0.1556,200
US,48,2,7,0.1611,214
US,159,2,8,0.1796,240
US,17,2,9,0.0994,102
US,19,2,10,0.1833,222
US,95,2,11,0.1376,178
US,25,2,12,0.2759,352
US,34,2,13,0.3331,429
US,23,2,14,0.1765,236
US,32,2,15,0.2698,364
US,89,2,16,0.1697,185
US,234,2,17,0.1400,171
US,86,2,18,0.2621,351
US,26,2,19,0.1721,225
US,81,2,20,0.2107,279
US,16,2,21,0.1999,268
US,49,2,22,0.4149,558
US,18,2,23,0.2273,248
US,16,2,24,0.2072,254
US,18,2,25,0.1603,214
US,17,2,26,0.3068,401
US,21,2,27,0.1918,254
US,17,2,28,0.1201,161
US,27,2,29,0.1866,251
US,19,3,1,0.1489,162
US,50,3,2,0.1358,167
US,15,3,3,0.1525,202
US,63,3,4,0.2063,269
US,51,3,5,0.1523,202
US,25,3,6,0.1448,194
US,25,3,7,0.3647,489
US,20,3,8,0.3364,363
US,21,3,9,0.1860,226
US,19,3,10,0.1699,225
US,17,3,11,0.1396,182
US,17,3,12,0.1501,199
US,15,3,13,0.1381,185
US,79,3,14,0.2260,303
US,167,3,15,0.3506,379
US,101,3,16,0.2876,350
US,20,3,17,0.1533,203
US,52,3,18,0.1971,257
US,15,3,19,0.3288,436
US,19,3,20,0.2254,302
US,18,3,21,0.1506,202
US,38,3,22,0.1064,115
US,112,3,23,0.1348,164
US,35,3,24,0.1858,246
US,19,3,25,0.1474,193
US,25,3,26,0.0961,128
US,17,3,27,0.1568,211
US,21,3,28,0.1596,215
US,46,3,29,0.1408,153
US,16,3,30,0.2020,246
US,19,3,31,0.2911,386
US,28,4,1,0.2523,330
US,44,4,2,0.1664,221
US,76,4,3,0.1949,262
US,27,4,4,0.3321,446
US,19,4,5,0.1759,190
US,17,4,6,0.2504,306
US,25,4,7,0.2066,271
US,18,4,8,0.1924,249
US,27,4,9,0.1573,208
US,39,4,10,0.1888,253
US,16,4,11,0.2241,301
US,19,4,12,0.1933,203
US,17,4,13,0.1585,193
US,39,4,14,0.1565,205
US,16,4,15,0.1190,154
US,15,4,16,0.1342,177
US,17,4,17,0.0801,107
US,99,4,18,0.0984,132
US,58,4,19,0.0887,93
US,66,4,20,0.2295,280
US,15,4,21,0.1656,216
US,28,4,22,0.1449,186
US,16,4,23,0.1210,159
US,19,4,24,0.1180,157
US,163,4,25,0.1358,181
US,35,4,26,0.1856,194
US,20,4,27,0.2064,251
US,40,4,28,0.3543,461
US,21,4,29,0.1291,166
US,17,4,30,0.0711,93
US,32,5,1,0.1323,176
US,64,5,2,0.1826,244
US,32,5,3,0.1130,118
US,17,5,4,0.1183,145
US,32,5,5,0.1237,162
US,24,5,6,0.0885,114
US,15,5,7,0.1320,174
US,17,5,8,0.1526,202
US,35,5,9,0.2396,318
US,15,5,10,0.1062,114
US,44,5,11,0.2111,259
US,28,5,12,0.2710,355
US,30,5,13,0.1234,159
US,27,5,14,0.0852,112
US,18,5,15,0.1220,161
US,21,5,16,0.2940,389
US,20,5,17,0.0899,96
US,17,5,18,0.1987,243
US,18,5,19,0.1455,190
US,18,5,20,0.2928,376
US,18,5,21,0.1749,229
US,68,5,22,0.2326,307
US,34,5,23,0.1888,250
US,31,5,24,0.1257,130
US,44,5,25,0.0399,45
US,15,5,26,0.0794,101
US,32,5,27,0.1503,193
US,15,5,28,0.1370,180
US,178,5,29,0.0712,94
US,17,5,30,0.0907,120
US,48,5,31,0.2144,229
US,21,6,1,0.1554,190
US,22,6,2,0.0911,119
US,26,6,3,0.2286,302
US,17,6,4,0.3463,462
US,15,6,5,0.3041,405
US,66,6,6,0.1787,238
US,68,6,7,0.1618,178
US,23,6,8,0.2032,254
US,71,6,9,0.2087,278
US,18,6,10,0.2560,339
US,37,6,11,0.2106,281
US,35,6,12,0.1333,178
US,55,6,13,0.2052,274
US,27,6,14,0.1727,190
US,66,6,15,0.1575,197
US,39,6,16,0.2697,360
US,166,6,17,0.1850,245
US,40,6,18,0.2594,346
US,23,6,19,0.2300,307
US,20,6,20,0.1978,264
US,19,6,21,0.1764,194
US,17,6,22,0.3237,405
US,58,6,23,0.2869,383
US,25,6,24,0.1692,224
US,83,6,25,0.1517,202
US,36,6,26,0.2487,332
US,171,6,27,0.3003,400
US,41,6,28,0.1882,207
US,17,6,29,0.2358,295
US,65,6,30,0.1678,224
US,191,7,1,0.1631,216
US,15,7,2,0.1534,205
US,24,7,3,0.1455,195
US,55,7,4,0.1053,117
US,79,7,5,0.1057,113
US,16,7,6,0.2771,345
US,33,7,7,0.2821,376
US,46,7,8,0.3009,399
US,21,7,9,0.3138,418
US,18,7,10,0.2158,289
US,16,7,11,0.2031,272
US,17,7,12,0.1350,149
US,29,7,13,0.3478,433
US,60,7,14,0.1883,251
US,53,7,15,0.0980,130
US,26,7,16,0.0998,133
US,33,7,17,0.1606,215
US,35,7,18,0.1494,200
US,18,7,19,0.1313,145
US,40,7,20,0.2161,269
US,15,7,21,0.1575,210
US,31,7,22,0.2459,326
US,82,7,23,0.3258,434
US,55,7,24,0.2935,393
US,17,7,25,0.1165,156
US,20,7,26,0.1241,137
US,56,7,27,0.2723,339
US,58,7,28,0.1838,245
US,18,7,29,0.1410,187
US,26,7,30,0.1622,216
US,168,7,31,0.2270,304
US,113,8,1,0.1561,209
US,51,8,2,0.2498,276
US,23,8,3,0.1593,199
US,62,8,4,0.1458,195
US,69,8,5,0.1421,189
US,17,8,6,0.1901,254
US,98,8,7,0.3219,431
US,18,8,8,0.1990,267
US,33,8,9,0.1282,142
US,33,8,10,0.2494,311
US,39,8,11,0.2536,339
US,22,8,12,0.1242,165
US,64,8,13,0.1617,215
US,20,8,14,0.2916,391
US,19,8,15,0.2666,358
US,27,8,16,0.1462,162
US,18,8,17,0.1129,141
US,53,8,18,0.1136,151
US,18,8,19,0.0822,101
US,39,8,20,0.1451,181
US,23,8,21,0.1441,183
US,22,8,22,0.1109,141
US,18,8,23,0.1031,106
US,18,8,24,0.0739,88
US,18,8,25,0.1911,241
US,16,8,26,0.2095,257
US,87,8,27,0.1926,239
US,212,8,28,0.2342,296
US,30,8,29,0.1942,247
US,29,8,30,0.0660,56
US,40,8,31,0.0472,40
US,15,9,1,0.0714,86
US,37,9,2,0.0639,78
US,91,9,3,0.0856,106
US,193,9,4,0.0958,121
US,32,9,5,0.1475,187
US,20,9,6,0.1311,120
US,32,9,7,0.0789,93
US,26,9,8,0.1433,182
US,64,9,9,0.2279,278
US,18,9,10,0.1746,216
US,21,9,11,0.2106,266
US,52,9,12,0.2033,257
US,24,9,13,0.0896,82
US,45,9,14,0.1384,163
US,32,9,15,0.1184,150
US,16,9,16,0.1472,179
US,137,9,17,0.1378,170
US,51,9,18,0.1501,189
US,24,9,19,0.1697,213
US,23,9,20,0.0968,88
US,21,9,21,0.0962,113
US,73,9,22,0.1785,226
US,63,9,23,0.1424,173
US,75,9,24,0.1648,203
US,17,9,25,0.2256,284
US,29,9,26,0.2964,374
US,38,9,27,0.1334,121
US,264,9,28,0.1921,225
US,102,9,29,0.1028,130
US,23,9,30,0.1137,138
US,21,10,1,0.1276,157
US,22,10,2,0.0887,112
US,16,10,3,0.0880,112
US,16,10,4,0.0632,57
US,18,10,5,0.1009,119
US,16,10,6,0.0733,93
US,25,10,7,0.0860,103
US,24,10,8,0.1322,162
US,18,10,9,0.1387,175
US,232,10,10,0.0905,115
US,30,10,11,0.1075,97
US,18,10,12,0.1121,132
US,36,10,13,0.1151,146
US,84,10,14,0.0635,76
US,15,10,15,0.0857,105
US,26,10,16,0.1125,142
US,19,10,17,0.1435,183
US,15,10,18,0.0777,70
US,21,10,19,0.1477,174
US,108,10,20,0.0954,121
US,28,10,21,0.0877,105
US,23,10,22,0.1371,168
US,24,10,23,0.1363,172
US,18,10,24,0.2315,294
US,49,10,25,0.1609,145
US,16,10,26,0.1053,124
US,28,10,27,0.1765,224
US,32,10,28,0.2356,282
US,17,10,29,0.0849,104
US,40,10,30,0.1078,136
US,40,10,31,0.1024,130
US,33,11,1,0.0784,71
US,20,11,2,0.2226,258
US,42,11,3,0.1669,211
US,31,11,4,0.1332,167
US,70,11,5,0.1748,218
US,18,11,6,0.2271,285
US,32,11,7,0.1892,239
US,20,11,8,0.1260,121
US,16,11,9,0.1757,205
US,20,11,10,0.1005,127
US,19,11,11,0.1021,128
US,17,11,12,0.1708,213
US,38,11,13,0.2701,339
US,15,11,14,0.3542,447
US,25,11,15,0.1787,171
US,32,11,16,0.1690,197
US,134,11,17,0.0934,118
US,23,11,18,0.1348,169
US,58,11,19,0.1227,153
US,145,11,20,0.1411,177
US,17,11,21,0.2814,356
US,76,11,22,0.1411,135
US,26,11,23,0.0985,115
US,20,11,24,0.1302,166
US,23,11,25,0.1651,213
US,36,11,26,0.1111,143
US,56,11,27,0.0997,65
US,84,11,28,0.0803,86
US,27,11,29,0.1603,167
US,31,11,30,0.4258,505
US,28,12,1,0.3785,483
US,31,12,2,0.1618,203
US,19,12,3,0.1186,146
US,15,12,4,0.1435,178
US,31,12,5,0.1348,169
US,16,12,6,0.1230,115
US,26,12,7,0.2226,256
US,27,12,8,0.1134,139
US,51,12,9,0.1704,207
US,24,12,10,0.2315,285
US,64,12,11,0.3427,425
US,30,12,12,0.2327,292
US,22,12,13,0.1190,112
US,18,12,14,0.2496,287
US,77,12,15,0.3352,411
US,20,12,16,0.3029,368
US,36,12,17,0.4013,494
US,45,12,18,0.3188,403
US,36,12,19,0.3920,497
US,40,12,20,0.4107,416
US,69,12,21,0.4384,505
US,77,12,22,0.3723,471
US,33,12,23,0.2707,343
US,39,12,24,0.2805,297
US,16,12,25,0.2375,271
US,41,12,26,0.2313,281
US,29,12,27,0.3547,360
US,56,12,28,0.2333,262
US,18,12,29,0.1463,177
US,42,12,30,0.1477,179
US,21,12,31,0.2381,276
WN,90,1,1,0.3224,914
WN,52,1,2,0.4988,1714
WN,34,1,3,0.4364,1500
WN,87,1,4,0.3185,1095
WN,70,1,5,0.3720,1045
WN,22,1,6,0.3527,1139
WN,18,1,7,0.1685,579
WN,17,1,8,0.1368,470
WN,51,1,9,0.0925,318
WN,74,1,10,0.1367,470
WN,22,1,11,0.1155,397
WN,25,1,12,0.0395,110
WN,24,1,13,0.1850,567
WN,15,1,14,0.0534,183
WN,20,1,15,0.0840,288
WN,16,1,16,0.0586,201
WN,28,1,17,0.3073,1054
WN,16,1,18,0.2429,833
WN,65,1,19,0.1017,256
WN,16,1,20,0.0561,172
WN,51,1,21,0.3134,1075
WN,54,1,22,0.1501,515
WN,91,1,23,0.1374,471
WN,22,1,24,0.1813,622
WN,17,1,25,0.2845,976
WN,31,1,26,0.1311,330
WN,33,1,27,0.4437,1360
WN,28,1,28,0.2181,748
WN,16,1,29,0.1140,391
WN,28,1,30,0.0925,317
WN,20,1,31,0.4321,1482
WN,41,2,1,0.4607,1583
WN,16,2,2,0.0922,233
WN,66,2,3,0.3533,1083
WN,60,2,4,0.3853,1323
WN,21,2,5,0.2768,951
WN,15,2,6,0.2462,846
WN,24,2,7,0.2666,916
WN,48,2,8,0.2533,870
WN,66,2,9,0.0662,167
WN,48,2,10,0.1913,587
WN,21,2,11,0.1549,532
WN,50,2,12,0.3550,1219
WN,30,2,13,0.3415,1172
WN,52,2,14,0.2712,932
WN,17,2,15,0.2510,862
WN,16,2,16,0.1503,379
WN,50,2,17,0.2613,802
WN,55,2,18,0.2254,774
WN,39,2,19,0.1308,449
WN,51,2,20,0.2241,769
WN,49,2,21,0.3611,1240
WN,21,2,22,0.5335,1832
WN,22,2,23,0.1820,459
WN,30,2,24,0.3180,976
WN,61,2,25,0.1992,684
WN,19,2,26,0.2467,847
WN,15,2,27,0.1023,351
WN,29,2,28,0.0894,307
WN,83,2,29,0.1867,641
WN,33,3,1,0.1201,303
WN,28,3,2,0.1919,589
WN,19,3,3,0.1424,489
WN,41,3,4,0.1290,443
WN,16,3,5,0.1451,498
WN,27,3,6,0.2216,761
WN,28,3,7,0.4074,1399
WN,35,3,8,0.3039,853
WN,18,3,9,0.2187,705
WN,17,3,10,0.1976,683
WN,21,3,11,0.1319,456
WN,52,3,12,0.2721,940
WN,21,3,13,0.2085,722
WN,45,3,14,0.3268,1133
WN,168,3,15,0.3679,1029
WN,28,3,16,0.3795,1223
WN,40,3,17,0.2102,728
WN,52,3,18,0.3124,1082
WN,37,3,19,0.3102,1074
WN,84,3,20,0.3464,1202
WN,73,3,21,0.2701,939
WN,31,3,22,0.1922,539
WN,23,3,23,0.1507,487
WN,74,3,24,0.1827,633
WN,28,3,25,0.2295,795
WN,48,3,26,0.1748,605
WN,29,3,27,0.2625,911
WN,24,3,28,0.2916,1014
WN,32,3,29,0.1494,419
WN,17,3,30,0.3132,1012
WN,40,3,31,0.4042,1400
WN,24,4,1,0.2376,823
WN,52,4,2,0.1554,538
WN,47,4,3,0.2902,1007
WN,29,4,4,0.3673,1280
WN,19,4,5,0.1625,457
WN,100,4,6,0.2573,834
WN,26,4,7,0.1244,432
WN,49,4,8,0.1264,439
WN,18,4,9,0.1933,671
WN,15,4,10,0.3675,1279
WN,37,4,11,0.2235,779
WN,15,4,12,0.1084,305
WN,47,4,13,0.1675,543
WN,16,4,14,0.1002,348
WN,15,4,15,0.0987,343
WN,28,4,16,0.0585,203
WN,153,4,17,0.1307,456
WN,188,4,18,0.1629,569
WN,37,4,19,0.2545,716
WN,17,4,20,0.2136,694
WN,44,4,21,0.0847,295
WN,19,4,22,0.0635,221
WN,46,4,23,0.1267,441
WN,33,4,24,0.1293,451
WN,23,4,25,0.2328,813
WN,45,4,26,0.0700,197
WN,31,4,27,0.0794,258
WN,21,4,28,0.1251,436
WN,34,4,29,0.0437,152
WN,45,4,30,0.0678,236
WN,96,5,1,0.1316,459
WN,70,5,2,0.3802,1328
WN,18,5,3,0.0597,168
WN,22,5,4,0.1200,390
WN,15,5,5,0.1281,446
WN,25,5,6,0.0905,315
WN,25,5,7,0.1652,575
WN,67,5,8,0.0917,320
WN,26,5,9,0.1930,674
WN,32,5,10,0.1521,436
WN,21,5,11,0.1963,644
WN,104,5,12,0.2809,972
WN,48,5,13,0.1728,598
WN,27,5,14,0.1723,596
WN,42,5,15,0.2457,850
WN,75,5,16,0.2877,998
WN,43,5,17,0.0545,157
WN,16,5,18,0.1942,637
WN,22,5,19,0.1590,550
WN,61,5,20,0.1694,586
WN,178,5,21,0.1806,625
WN,16,5,22,0.4156,1438
WN,50,5,23,0.3577,1241
WN,60,5,24,0.1898,540
WN,49,5,25,0.0844,223
WN,15,5,26,0.1220,363
WN,106,5,27,0.2318,802
WN,71,5,28,0.1428,494
WN,18,5,29,0.1179,408
WN,26,5,30,0.1882,653
WN,24,5,31,0.2154,621
WN,53,6,1,0.1506,494
WN,22,6,2,0.0824,285
WN,34,6,3,0.1968,681
WN,77,6,4,0.3343,1160
WN,37,6,5,0.2793,969
WN,15,6,6,0.2524,878
WN,16,6,7,0.1757,508
WN,250,6,8,0.3158,1039
WN,15,6,9,0.2631,913
WN,49,6,10,0.2769,961
WN,21,6,11,0.2098,728
WN,30,6,12,0.2461,854
WN,199,6,13,0.3357,1168
WN,19,6,14,0.1425,412
WN,59,6,15,0.2812,925
WN,22,6,16,0.2746,953
WN,27,6,17,0.2277,790
WN,107,6,18,0.1631,566
WN,19,6,19,0.3403,1181
WN,15,6,20,0.1529,532
WN,26,6,21,0.2570,743
WN,15,6,22,0.2745,903
WN,128,6,23,0.2435,845
WN,104,6,24,0.2159,749
WN,35,6,25,0.2343,813
WN,21,6,26,0.2758,957
WN,50,6,27,0.2728,949
WN,45,6,28,0.1439,416
WN,29,6,29,0.2033,669
WN,26,6,30,0.0870,302
WN,138,7,1,0.0804,279
WN,21,7,2,0.1274,442
WN,17,7,3,0.1004,348
WN,26,7,4,0.0713,183
WN,27,7,5,0.0588,169
WN,19,7,6,0.2080,685
WN,83,7,7,0.2906,1010
WN,28,7,8,0.3352,1163
WN,77,7,9,0.1816,630
WN,38,7,10,0.1899,659
WN,20,7,11,0.1598,556
WN,20,7,12,0.1487,430
WN,62,7,13,0.2632,866
WN,17,7,14,0.1637,568
WN,65,7,15,0.1484,515
WN,40,7,16,0.1340,465
WN,31,7,17,0.1795,623
WN,29,7,18,0.1196,416
WN,25,7,19,0.0751,217
WN,25,7,20,0.1590,523
WN,26,7,21,0.1378,478
WN,71,7,22,0.1458,506
WN,236,7,23,0.2282,792
WN,36,7,24,0.1879,652
WN,16,7,25,0.1575,548
WN,30,7,26,0.1435,415
WN,28,7,27,0.2283,751
WN,31,7,28,0.0954,331
WN,17,7,29,0.1061,368
WN,19,7,30,0.1562,542
WN,26,7,31,0.1715,595
WN,27,8,1,0.1334,464
WN,20,8,2,0.2148,621
WN,48,8,3,0.1219,401
WN,18,8,4,0.2069,720
WN,27,8,5,0.2385,830
WN,38,8,6,0.1353,471
WN,19,8,7,0.2397,834
WN,29,8,8,0.1860,649
WN,15,8,9,0.1294,375
WN,37,8,10,0.2309,762
WN,24,8,11,0.1609,560
WN,29,8,12,0.0960,334
WN,42,8,13,0.0971,338
WN,22,8,14,0.1991,693
WN,62,8,15,0.3061,1068
WN,51,8,16,0.1714,497
WN,35,8,17,0.1182,390
WN,31,8,18,0.0948,330
WN,150,8,19,0.0644,224
WN,23,8,20,0.1506,524
WN,25,8,21,0.1394,485
WN,16,8,22,0.1063,371
WN,18,8,23,0.0671,167
WN,70,8,24,0.1182,370
WN,43,8,25,0.1389,478
WN,23,8,26,0.1476,508
WN,27,8,27,0.0665,229
WN,42,8,28,0.1261,434
WN,31,8,29,0.2066,711
WN,24,8,30,0.0739,184
WN,38,8,31,0.0406,89
WN,31,9,1,0.0559,169
WN,21,9,2,0.0350,121
WN,17,9,3,0.0304,105
WN,18,9,4,0.0431,149
WN,51,9,5,0.0634,219
WN,34,9,6,0.0576,144
WN,17,9,7,0.0620,195
WN,24,9,8,0.1248,431
WN,64,9,9,0.1129,390
WN,20,9,10,0.0620,214
WN,84,9,11,0.1711,591
WN,25,9,12,0.1416,489
WN,16,9,13,0.0655,164
WN,32,9,14,0.1164,366
WN,30,9,15,0.0782,270
WN,23,9,16,0.0730,252
WN,27,9,17,0.0608,210
WN,17,9,18,0.0770,266
WN,82,9,19,0.1196,413
WN,18,9,20,0.0452,113
WN,27,9,21,0.1044,328
WN,18,9,22,0.0672,232
WN,20,9,23,0.0301,104
WN,41,9,24,0.0869,300
WN,35,9,25,0.1630,563
WN,24,9,26,0.1728,597
WN,83,9,27,0.0734,184
WN,34,9,28,0.1280,401
WN,20,9,29,0.0646,223
WN,25,9,30,0.0510,176
WN,28,10,1,0.0536,185
WN,25,10,2,0.0672,232
WN,25,10,3,0.1022,353
WN,20,10,4,0.0608,151
WN,27,10,5,0.1066,334
WN,20,10,6,0.0732,253
WN,20,10,7,0.0611,211
WN,22,10,8,0.0871,301
WN,30,10,9,0.1181,408
WN,22,10,10,0.1566,541
WN,22,10,11,0.0854,212
WN,49,10,12,0.1165,365
WN,19,10,13,0.0909,314
WN,28,10,14,0.0588,203
WN,36,10,15,0.0950,328
WN,22,10,16,0.0921,318
WN,71,10,17,0.1155,399
WN,15,10,18,0.0395,98
WN,49,10,19,0.1159,363
WN,21,10,20,0.0692,239
WN,19,10,21,0.0622,215
WN,70,10,22,0.1424,492
WN,18,10,23,0.1448,500
WN,27,10,24,0.1601,553
WN,20,10,25,0.0608,151
WN,15,10,26,0.1284,402
WN,36,10,27,0.1662,574
WN,17,10,28,0.1008,348
WN,81,10,29,0.0495,171
WN,28,10,30,0.0926,320
WN,36,10,31,0.0984,326
WN,28,11,1,0.0680,169
WN,15,11,2,0.2407,733
WN,15,11,3,0.0567,197
WN,33,11,4,0.1282,445
WN,36,11,5,0.0616,214
WN,29,11,6,0.1115,387
WN,17,11,7,0.1901,660
WN,21,11,8,0.0548,139
WN,30,11,9,0.2512,765
WN,177,11,10,0.0829,288
WN,61,11,11,0.1069,371
WN,24,11,12,0.0763,265
WN,15,11,13,0.1155,401
WN,17,11,14,0.1403,487
WN,16,11,15,0.0718,182
WN,20,11,16,0.1021,311
WN,15,11,17,0.0363,126
WN,18,11,18,0.0395,137
WN,19,11,19,0.0585,203
WN,16,11,20,0.1080,375
WN,16,11,21,0.2100,729
WN,37,11,22,0.1664,422
WN,18,11,23,0.0578,176
WN,101,11,24,0.0455,158
WN,29,11,25,0.0722,252
WN,19,11,26,0.1326,463
WN,30,11,27,0.0649,144
WN,20,11,28,0.0518,147
WN,31,11,29,0.1224,357
WN,17,11,30,0.4801,1615
WN,115,12,1,0.5755,1998
WN,34,12,2,0.1051,365
WN,41,12,3,0.1255,423
WN,24,12,4,0.1402,474
WN,18,12,5,0.1328,449
WN,102,12,6,0.0723,182
WN,40,12,7,0.1046,312
WN,45,12,8,0.0541,183
WN,35,12,9,0.1213,410
WN,20,12,10,0.1151,389
WN,30,12,11,0.1840,622
WN,43,12,12,0.1734,586
WN,27,12,13,0.2005,505
WN,40,12,14,0.2150,641
WN,20,12,15,0.3216,1087
WN,142,12,16,0.3784,1279
WN,81,12,17,0.4982,1684
WN,84,12,18,0.6148,2078
WN,306,12,19,0.6133,2073
WN,25,12,20,0.4958,1249
WN,132,12,21,0.5091,1518
WN,48,12,22,0.4482,1515
WN,47,12,23,0.5015,1695
WN,51,12,24,0.4509,1152
WN,244,12,25,0.2937,775
WN,52,12,26,0.4457,1481
WN,37,12,27,0.5340,1538
WN,26,12,28,0.2337,697
WN,21,12,29,0.1607,543
WN,53,12,30,0.1822,616
WN,30,12,31,0.2877,735
