Carrier,Month,DayofMonth,Median,Mean
AA,1,1,6.0,23.1033081834
AA,1,2,7.0,20.901836969
AA,1,3,2.0,15.607326846
AA,1,4,0.0,15.736
AA,1,5,1.0,18.6727509778
AA,1,6,4.0,23.1693121693
AA,1,7,0.0,25.5054945055
AA,1,8,0.0,19.2210526316
AA,1,9,-2.0,5.76123759486
AA,1,10,-1.0,7.96016166282
AA,1,11,-1.0,11.5619596542
AA,1,12,-2.0,3.49831649832
AA,1,13,-1.0,8.93515764426
AA,1,14,-1.0,10.390851187
AA,1,15,-3.0,3.21558289397
AA,1,16,-2.0,4.4097019287
AA,1,17,3.0,22.9867205543
AA,1,18,2.0,15.9026497696
AA,1,19,0.0,9.51042367182
AA,1,20,-2.0,5.52083333333
AA,1,21,2.0,24.2578215527
AA,1,22,4.0,24.8302107728
AA,1,23,0.0,17.3699590883
AA,1,24,0.0,10.0242634315
AA,1,25,0.0,15.2073732719
AA,1,26,-1.0,7.6404040404
AA,1,27,1.0,18.8830548926
AA,1,28,0.0,17.8285052144
AA,1,29,1.0,24.7372434018
AA,1,30,0.0,11.8862973761
AA,1,31,4.0,27.8716020821
AA,2,1,7.0,27.4887478361
AA,2,2,0.0,14.9520917679
AA,2,3,0.0,18.6499701849
AA,2,4,1.0,25.4310544612
AA,2,5,0.0,24.8823185012
AA,2,6,0.0,14.5565927655
AA,2,7,-0.5,10.8358381503
AA,2,8,3.0,17.9965397924
AA,2,9,-1.0,9.89562289562
AA,2,10,0.0,14.0345649583
AA,2,11,0.0,15.6359953704
AA,2,12,1.0,24.3512880562
AA,2,13,1.0,19.7334891876
AA,2,14,0.0,16.04626952
AA,2,15,3.0,18.16926632
AA,2,16,1.0,25.0287316048
AA,2,17,1.0,20.1134930643
AA,2,18,5.0,24.4741839763
AA,2,19,0.0,12.2549707602
AA,2,20,-2.0,5.98072429907
AA,2,21,1.0,15.1295546559
AA,2,22,2.0,17.4704861111
AA,2,23,0.0,13.2312879299
AA,2,24,0.0,12.2693682956
AA,2,25,0.0,17.1008695652
AA,2,26,0.0,15.4941314554
AA,2,27,-2.0,6.84655775963
AA,2,28,-1.0,8.57514450867
AA,2,29,0.0,16.5152914022
AA,3,1,-1.0,6.77777777778
AA,3,2,-1.0,11.8591044776
AA,3,3,8.0,25.2569605568
AA,3,4,0.0,10.80046811
AA,3,5,-1.0,9.84354932866
AA,3,6,0.0,8.00754060325
AA,3,7,9.0,29.6069565217
AA,3,8,5.0,30.3812997347
AA,3,9,3.0,20.041691483
AA,3,10,0.0,10.0313771063
AA,3,11,-2.0,4.44145199063
AA,3,12,-2.0,6.93407234539
AA,3,13,0.0,7.95251881876
AA,3,14,0.0,13.0109953704
AA,3,15,0.0,16.6962864721
AA,3,16,0.0,11.4428571429
AA,3,17,1.0,13.9726902963
AA,3,18,0.0,19.2835383714
AA,3,19,12.0,30.5265615879
AA,3,20,2.0,21.6284722222
AA,3,21,1.0,28.2118055556
AA,3,22,1.0,17.1539482415
AA,3,23,-1.0,12.8142857143
AA,3,24,-1.0,7.67459396752
AA,3,25,0.0,16.0216247808
AA,3,26,0.0,10.1792177466
AA,3,27,1.0,25.234375
AA,3,28,1.0,17.1476548929
AA,3,29,-0.5,8.08355437666
AA,3,30,4.0,26.5754323196
AA,3,31,7.0,31.5775711795
AA,4,1,0.0,16.9865418373
AA,4,2,-1.0,7.95438596491
AA,4,3,0.0,12.4165701043
AA,4,4,5.0,26.9646376812
AA,4,5,-1.0,11.1932270916
AA,4,6,0.0,14.49307646
AA,4,7,0.0,13.4564965197
AA,4,8,0.0,9.27736389685
AA,4,9,0.0,10.0200688073
AA,4,10,0.0,17.7478510029
AA,4,11,0.0,14.8063963449
AA,4,12,0.0,9.41212492345
AA,4,13,-1.0,9.1281451141
AA,4,14,-2.0,5.23081328751
AA,4,15,-3.0,2.62943871707
AA,4,16,-1.0,10.8361970218
AA,4,17,-1.0,10.7712155963
AA,4,18,0.0,9.65105653912
AA,4,19,-2.0,5.49724433558
AA,4,20,-1.0,9.39766081871
AA,4,21,-1.0,7.55358166189
AA,4,22,-2.0,5.343069874
AA,4,23,-1.0,9.00515759312
AA,4,24,0.0,11.439862543
AA,4,25,1.0,23.7154285714
AA,4,26,0.0,13.6295162278
AA,4,27,0.0,9.80280866004
AA,4,28,1.0,21.9375
AA,4,29,-2.0,5.56962750716
AA,4,30,-2.0,3.88640275387
AA,5,1,-1.0,7.85395189003
AA,5,2,15.0,42.3440366972
AA,5,3,0.0,10.8233128834
AA,5,4,-2.0,7.60526315789
AA,5,5,0.0,11.1088201604
AA,5,6,0.0,15.2729357798
AA,5,7,2.0,16.4246418338
AA,5,8,0.0,11.4011461318
AA,5,9,0.0,16.7272206304
AA,5,10,-1.0,7.65481299816
AA,5,11,1.0,16.8605741066
AA,5,12,0.0,12.9684813754
AA,5,13,-1.0,8.36827033219
AA,5,14,8.0,20.8069873998
AA,5,15,0.0,10.724513173
AA,5,16,2.0,17.9198626216
AA,5,17,-2.0,5.51256897609
AA,5,18,0.0,11.5099531616
AA,5,19,0.0,11.188646789
AA,5,20,0.0,8.75887743414
AA,5,21,-1.0,7.85166093929
AA,5,22,1.0,13.4612736661
AA,5,23,0.0,11.7239404353
AA,5,24,-1.0,8.92518703242
AA,5,25,-3.0,6.40270104359
AA,5,26,-2.0,6.93488372093
AA,5,27,0.0,39.843069874
AA,5,28,0.0,11.605730659
AA,5,29,-2.0,5.74326647564
AA,5,30,0.0,18.5831422018
AA,5,31,-1.0,11.9466257669
AA,6,1,-1.0,10.804631829
AA,6,2,-2.0,7.71553228621
AA,6,3,-1.0,17.8674486804
AA,6,4,0.0,17.450234192
AA,6,5,4.0,21.9521586931
AA,6,6,1.0,29.1037296037
AA,6,7,0.0,15.6766541823
AA,6,8,0.0,21.9630292188
AA,6,9,7.0,33.8559766764
AA,6,10,1.0,19.2973607038
AA,6,11,-1.0,10.5873388042
AA,6,12,0.0,13.6571760604
AA,6,13,2.0,21.7367809413
AA,6,14,0.0,11.9931378665
AA,6,15,3.0,25.8603683898
AA,6,16,1.0,21.1685066822
AA,6,17,3.0,22.7135325132
AA,6,18,0.0,19.2121566335
AA,6,19,25.0,44.271353864
AA,6,20,3.0,23.5223447475
AA,6,21,0.0,14.736875
AA,6,22,3.0,26.2621589561
AA,6,23,2.0,19.611272516
AA,6,24,0.0,12.4218841428
AA,6,25,0.0,18.2679929783
AA,6,26,1.0,18.0005807201
AA,6,27,2.0,19.7109692397
AA,6,28,1.0,24.4157303371
AA,6,29,6.0,27.6245551601
AA,6,30,0.0,14.6271777003
AA,7,1,-2.0,6.6783625731
AA,7,2,0.0,19.1403105233
AA,7,3,-1.0,8.8573893042
AA,7,4,-3.0,5.57078313253
AA,7,5,-3.0,4.7012987013
AA,7,6,-1.0,14.7375512595
AA,7,7,3.0,20.727481354
AA,7,8,0.0,18.5651924182
AA,7,9,1.0,15.733908046
AA,7,10,-1.0,16.8409873708
AA,7,11,-1.0,11.1775862069
AA,7,12,0.0,14.8742293465
AA,7,13,0.0,15.7145369285
AA,7,14,0.0,13.3689041882
AA,7,15,0.0,16.1560527826
AA,7,16,-1.0,10.4422745549
AA,7,17,-1.0,9.60240963855
AA,7,18,0.0,13.6923076923
AA,7,19,1.0,15.898336414
AA,7,20,0.0,14.2766705744
AA,7,21,0.0,10.9850746269
AA,7,22,0.0,11.4013761468
AA,7,23,0.0,13.8248133257
AA,7,24,5.0,29.2468427095
AA,7,25,0.0,12.5883027523
AA,7,26,-1.0,9.19482120838
AA,7,27,0.0,23.3892145369
AA,7,28,1.0,15.7998853211
AA,7,29,-1.0,8.32816982215
AA,7,30,2.0,20.8555811277
AA,7,31,2.0,21.2788296041
AA,8,1,1.0,15.5657894737
AA,8,2,1.0,17.6576687117
AA,8,3,0.0,14.3898305085
AA,8,4,0.0,24.6471935853
AA,8,5,0.0,13.4011461318
AA,8,6,0.0,9.41915137615
AA,8,7,0.0,15.8254149971
AA,8,8,0.0,13.0641099027
AA,8,9,-1.0,12.2493857494
AA,8,10,0.0,17.3160046729
AA,8,11,1.0,20.5600686499
AA,8,12,0.0,10.4630372493
AA,8,13,-2.0,6.73925501433
AA,8,14,0.0,17.8304696449
AA,8,15,13.0,38.8116771608
AA,8,16,0.0,14.4306748466
AA,8,17,0.0,11.0718457944
AA,8,18,0.0,13.3981693364
AA,8,19,-1.0,7.27017744705
AA,8,20,1.0,18.4275071633
AA,8,21,0.0,13.264604811
AA,8,22,0.0,15.323006311
AA,8,23,-1.0,11.4868017188
AA,8,24,-2.0,5.73801169591
AA,8,25,-2.0,5.94444444444
AA,8,26,-3.0,5.28350515464
AA,8,27,-2.0,5.96217765043
AA,8,28,-1.0,9.29226361032
AA,8,29,0.0,16.7254004577
AA,8,30,-2.0,7.99680918953
AA,8,31,-3.0,3.55157232704
AA,9,1,-3.0,4.69068541301
AA,9,2,-2.0,5.72526193248
AA,9,3,-3.0,2.30693677103
AA,9,4,-2.0,12.8737034777
AA,9,5,-3.0,4.63337393423
AA,9,6,-3.0,4.65425158117
AA,9,7,-3.0,4.31297229219
AA,9,8,-2.0,9.38485033598
AA,9,9,-2.0,8.86177370031
AA,9,10,-3.0,1.75351681957
AA,9,11,-3.0,3.33597560976
AA,9,12,-1.0,14.9262644729
AA,9,13,0.0,13.533005618
AA,9,14,0.0,16.7884130982
AA,9,15,-2.0,4.38034188034
AA,9,16,-3.0,1.68298653611
AA,9,17,-3.0,2.58277336591
AA,9,18,-3.0,1.53292682927
AA,9,19,-2.0,4.20475319927
AA,9,20,-3.0,1.63853727145
AA,9,21,-1.0,8.92375551355
AA,9,22,-3.0,2.61980440098
AA,9,23,-4.0,0.531498470948
AA,9,24,-3.0,6.30886850153
AA,9,25,-2.0,7.36912751678
AA,9,26,-1.0,14.8616697136
AA,9,27,-3.0,3.72050561798
AA,9,28,-2.0,8.23440453686
AA,9,29,-2.0,7.47557997558
AA,9,30,-3.0,2.92293577982
AA,10,1,-3.0,0.277130594727
AA,10,2,-3.0,1.8698296837
AA,10,3,-3.0,4.60948905109
AA,10,4,-3.0,1.88429172511
AA,10,5,-2.0,5.12767295597
AA,10,6,-2.0,3.89451219512
AA,10,7,-3.0,4.63347587049
AA,10,8,-2.0,5.8869883934
AA,10,9,-2.0,5.76824817518
AA,10,10,-2.0,3.70255474453
AA,10,11,-3.0,5.57012622721
AA,10,12,-3.0,4.06603773585
AA,10,13,-3.0,3.44573170732
AA,10,14,-2.0,3.36285888821
AA,10,15,-1.0,12.1545510079
AA,10,16,-1.0,6.44586374696
AA,10,17,-2.0,4.62165450122
AA,10,18,-3.0,3.65287517532
AA,10,19,-2.0,6.15157232704
AA,10,20,-2.0,6.23902439024
AA,10,21,-3.0,3.32905982906
AA,10,22,-2.0,5.56933414783
AA,10,23,-2.0,4.88442822384
AA,10,24,-2.0,5.74270072993
AA,10,25,-2.0,7.14656381487
AA,10,26,-1.0,9.75251889169
AA,10,27,-1.0,9.38034188034
AA,10,28,-2.0,6.5204642639
AA,10,29,-3.0,3.57116676848
AA,10,30,-2.0,4.92883211679
AA,10,31,-3.0,3.5395377129
AA,11,1,-3.0,3.24353448276
AA,11,2,-3.0,5.86466666667
AA,11,3,-3.0,3.01346153846
AA,11,4,-4.0,0.390180878553
AA,11,5,-3.0,3.27966645285
AA,11,6,-2.0,12.0403071017
AA,11,7,-1.0,11.5549872123
AA,11,8,-2.0,6.97730711044
AA,11,9,-2.0,5.44934210526
AA,11,10,-2.0,8.94551282051
AA,11,11,-1.0,7.34302325581
AA,11,12,-2.0,10.0128287364
AA,11,13,-2.0,6.74280230326
AA,11,14,-1.0,8.63299232737
AA,11,15,-3.0,3.65960665658
AA,11,16,-2.0,6.33618421053
AA,11,17,-2.0,3.99358974359
AA,11,18,-3.0,0.613049095607
AA,11,19,-3.0,2.94932649134
AA,11,20,-2.0,5.16273133376
AA,11,21,-2.0,5.58290816327
AA,11,22,-2.5,2.67624810893
AA,11,23,-3.0,2.09592641261
AA,11,24,-3.0,3.04673495519
AA,11,25,-2.0,3.73067010309
AA,11,26,-3.0,0.729660474055
AA,11,27,-3.0,2.20437956204
AA,11,28,-3.0,2.11103202847
AA,11,29,-2.0,3.88577912254
AA,11,30,3.0,31.3379265092
AA,12,1,5.0,36.3399487836
AA,12,2,-1.0,6.43935483871
AA,12,3,-2.0,5.35105701473
AA,12,4,-2.0,4.10472541507
AA,12,5,-3.0,3.74137931034
AA,12,6,-2.0,4.12405446293
AA,12,7,-2.0,7.06570302234
AA,12,8,-2.0,4.89692701665
AA,12,9,-2.0,9.34451612903
AA,12,10,-1.0,9.47789878283
AA,12,11,-1.0,9.31757188498
AA,12,12,-2.0,9.99489144317
AA,12,13,-2.0,3.33257918552
AA,12,14,-2.0,9.11300919842
AA,12,15,0.0,13.7451984635
AA,12,16,11.0,29.7425806452
AA,12,17,2.0,19.3659628919
AA,12,18,4.0,21.5757575758
AA,12,19,4.0,24.4890419537
AA,12,20,5.0,27.5921828909
AA,12,21,8.0,28.3844660194
AA,12,22,5.0,22.3761814745
AA,12,23,5.0,24.0639645345
AA,12,24,5.0,24.8028846154
AA,12,25,-1.0,10.6659891599
AA,12,26,0.0,20.3259773014
AA,12,27,15.0,45.4151917404
AA,12,28,0.0,10.2433656958
AA,12,29,-2.0,5.73392181589
AA,12,30,-1.0,7.99746675111
AA,12,31,-1.0,11.4201183432
MQ,1,1,1.0,28.2373351839
MQ,1,2,7.0,20.544005544
MQ,1,3,-1.0,5.078581363
MQ,1,4,-2.0,4.25644599303
MQ,1,5,-1.0,9.47651006711
MQ,1,6,0.0,15.3086330935
MQ,1,7,-1.0,13.6108408617
MQ,1,8,0.0,19.0145631068
MQ,1,9,-2.0,5.67453157529
MQ,1,10,-2.0,9.89736477115
MQ,1,11,-2.0,9.93815149409
MQ,1,12,-4.0,1.52432885906
MQ,1,13,-2.0,3.31582733813
MQ,1,14,-2.0,11.0228848821
MQ,1,15,-3.0,4.41707147814
MQ,1,16,-3.0,2.03263888889
MQ,1,17,0.0,24.2743055556
MQ,1,18,0.0,16.2783576896
MQ,1,19,-1.0,7.57250628667
MQ,1,20,-1.0,6.75035971223
MQ,1,21,0.0,19.1826388889
MQ,1,22,5.0,25.6879777623
MQ,1,23,0.0,18.3530229326
MQ,1,24,-1.0,6.60610263523
MQ,1,25,0.0,13.1111883252
MQ,1,26,1.0,18.331092437
MQ,1,27,3.0,33.5759539237
MQ,1,28,0.0,15.600277585
MQ,1,29,0.0,17.8757807078
MQ,1,30,-1.0,10.5399028452
MQ,1,31,0.0,25.8271092669
MQ,2,1,2.0,30.8648648649
MQ,2,2,0.0,14.8854262145
MQ,2,3,0.0,13.7126518942
MQ,2,4,0.0,12.1976421637
MQ,2,5,2.0,27.3584775087
MQ,2,6,0.0,14.9487534626
MQ,2,7,0.0,17.8996539792
MQ,2,8,0.0,14.0589459085
MQ,2,9,-3.0,1.95600366636
MQ,2,10,-1.0,11.9549356223
MQ,2,11,1.0,22.3220221607
MQ,2,12,0.0,29.8871191136
MQ,2,13,2.0,17.5301038062
MQ,2,14,-1.0,6.6673582296
MQ,2,15,0.0,12.4080499653
MQ,2,16,0.0,22.0083487941
MQ,2,17,0.0,14.6772525849
MQ,2,18,4.0,28.3189113747
MQ,2,19,0.0,13.2503457815
MQ,2,20,-2.0,4.66459197787
MQ,2,21,2.0,17.4099722992
MQ,2,22,5.0,21.0963270963
MQ,2,23,-2.0,5.94332723949
MQ,2,24,-2.0,5.43817012152
MQ,2,25,0.0,13.2088520055
MQ,2,26,0.0,16.306362379
MQ,2,27,-2.0,6.62119113573
MQ,2,28,-2.0,3.94536652835
MQ,2,29,0.0,20.1955617198
MQ,3,1,-3.0,2.39010989011
MQ,3,2,-3.0,5.36819172113
MQ,3,3,0.0,16.382559775
MQ,3,4,0.0,14.6109550562
MQ,3,5,-2.0,5.38342696629
MQ,3,6,-1.0,6.52112676056
MQ,3,7,6.0,27.2711267606
MQ,3,8,0.0,16.608897127
MQ,3,9,2.5,17.0174672489
MQ,3,10,0.0,8.70935960591
MQ,3,11,0.0,22.4624033732
MQ,3,12,-3.0,4.48382559775
MQ,3,13,-2.0,4.01687763713
MQ,3,14,-1.5,7.53169014085
MQ,3,15,-2.0,8.03607770583
MQ,3,16,-1.0,9.09658678286
MQ,3,17,0.0,12.5549295775
MQ,3,18,0.0,19.7751229796
MQ,3,19,10.0,28.117357695
MQ,3,20,-1.0,10.6416022488
MQ,3,21,0.0,22.8851303735
MQ,3,22,0.0,16.586493987
MQ,3,23,-1.0,7.25689404935
MQ,3,24,-1.0,5.96697118763
MQ,3,25,1.0,19.0990168539
MQ,3,26,-3.0,2.3811533052
MQ,3,27,0.0,17.2004219409
MQ,3,28,2.0,19.187895848
MQ,3,29,-2.0,3.58133086876
MQ,3,30,1.0,21.522875817
MQ,3,31,5.0,29.4771609276
MQ,4,1,1.0,16.1166549543
MQ,4,2,-2.0,3.71820098384
MQ,4,3,-1.0,8.3478566409
MQ,4,4,3.0,19.912033779
MQ,4,5,-2.0,6.88148148148
MQ,4,6,-1.0,9.57848837209
MQ,4,7,-2.0,6.13136176066
MQ,4,8,-1.0,11.8840877915
MQ,4,9,0.0,11.7747252747
MQ,4,10,5.0,27.0735395189
MQ,4,11,2.0,18.0706932052
MQ,4,12,-2.0,7.13215859031
MQ,4,13,-2.0,7.01412429379
MQ,4,14,-3.0,3.77160493827
MQ,4,15,-3.0,4.23541523679
MQ,4,16,-2.0,8.15843621399
MQ,4,17,-3.0,5.6975308642
MQ,4,18,-1.0,9.690459849
MQ,4,19,-3.0,3.96830985915
MQ,4,20,-2.0,8.54622441778
MQ,4,21,-3.0,5.29698216735
MQ,4,22,-3.0,1.80795610425
MQ,4,23,-2.0,5.54458161866
MQ,4,24,-1.0,6.54046639232
MQ,4,25,0.0,22.8632302405
MQ,4,26,0.0,13.4245366284
MQ,4,27,-1.0,8.87076271186
MQ,4,28,0.0,16.1991758242
MQ,4,29,-3.0,3.11179698217
MQ,4,30,-3.0,2.00960219479
MQ,5,1,-3.0,1.92181069959
MQ,5,2,2.5,31.5185694635
MQ,5,3,-1.0,9.49956784788
MQ,5,4,-3.0,4.13055751588
MQ,5,5,-2.0,9.19547325103
MQ,5,6,-2.0,8.4896978022
MQ,5,7,1.0,18.6108442004
MQ,5,8,-1.0,7.28600823045
MQ,5,9,-1.0,9.00962199313
MQ,5,10,-3.0,2.02079722704
MQ,5,11,0.0,15.4777699365
MQ,5,12,-2.0,7.0398078243
MQ,5,13,-2.0,6.74554183813
MQ,5,14,2.0,17.2012362637
MQ,5,15,-2.0,4.96021947874
MQ,5,16,-1.0,8.09752747253
MQ,5,17,-3.0,2.74090121317
MQ,5,18,-3.0,2.94217207334
MQ,5,19,-3.0,4.01166781057
MQ,5,20,-2.0,5.71742112483
MQ,5,21,-2.0,3.95816186557
MQ,5,22,-1.0,8.22031571723
MQ,5,23,-2.0,7.68887362637
MQ,5,24,-3.0,5.23330442324
MQ,5,25,-4.0,1.2913446677
MQ,5,26,-3.0,2.19833564494
MQ,5,27,0.0,21.1408934708
MQ,5,28,-2.0,6.01920438957
MQ,5,29,-3.0,1.63143445436
MQ,5,30,0.0,17.3003436426
MQ,5,31,-2.0,6.26347826087
MQ,6,1,-2.0,7.15800273598
MQ,6,2,-3.0,2.35809018568
MQ,6,3,0.0,14.5278145695
MQ,6,4,0.0,18.3803843605
MQ,6,5,1.0,17.3125827815
MQ,6,6,0.0,18.1769383698
MQ,6,7,0.0,12.3863080685
MQ,6,8,0.0,19.4765146358
MQ,6,9,3.0,23.4777998675
MQ,6,10,0.0,14.2922465209
MQ,6,11,-1.0,8.86953642384
MQ,6,12,-1.0,9.7049071618
MQ,6,13,0.0,14.764940239
MQ,6,14,-1.0,10.5142624287
MQ,6,15,2.0,23.3324250681
MQ,6,16,0.0,15.2352551359
MQ,6,17,0.0,19.2916943522
MQ,6,18,-2.0,6.37044400265
MQ,6,19,0.0,25.7796947578
MQ,6,20,0.0,13.200265252
MQ,6,21,-2.0,7.3306122449
MQ,6,22,0.0,15.54390742
MQ,6,23,-1.0,8.1351888668
MQ,6,24,-2.0,6.64966887417
MQ,6,25,0.0,12.6374501992
MQ,6,26,0.0,16.0795228628
MQ,6,27,1.0,14.5135851557
MQ,6,28,0.0,16.9347471452
MQ,6,29,3.0,21.1865214432
MQ,6,30,0.0,9.56622516556
MQ,7,1,-3.0,3.47140957447
MQ,7,2,-1.0,13.5629973475
MQ,7,3,-1.0,7.85278514589
MQ,7,4,-4.0,0.245849802372
MQ,7,5,-4.0,0.694421988682
MQ,7,6,-2.0,5.49454297408
MQ,7,7,0.0,15.2582781457
MQ,7,8,-1.0,12.8601722995
MQ,7,9,0.0,13.8377483444
MQ,7,10,-1.0,16.1390728477
MQ,7,11,0.0,11.8301260783
MQ,7,12,0.0,9.57831325301
MQ,7,13,0.0,12.0299931834
MQ,7,14,0.0,11.4754966887
MQ,7,15,-3.0,6.61523178808
MQ,7,16,-2.0,5.13262599469
MQ,7,17,-2.5,3.62649006623
MQ,7,18,0.0,11.9449236894
MQ,7,19,0.0,12.8194221509
MQ,7,20,-1.0,9.97818677573
MQ,7,21,-1.0,8.1701986755
MQ,7,22,-1.0,6.94900662252
MQ,7,23,-2.0,3.27880794702
MQ,7,24,0.0,13.5616710875
MQ,7,25,0.0,10.4568393094
MQ,7,26,-2.0,4.72083668544
MQ,7,27,-1.0,10.3133105802
MQ,7,28,-1.0,10.2046357616
MQ,7,29,-3.0,3.95427435388
MQ,7,30,-1.0,11.598806366
MQ,7,31,0.0,19.8869680851
MQ,8,1,1.0,15.5051334702
MQ,8,2,-2.0,7.848059455
MQ,8,3,-1.0,8.18987341772
MQ,8,4,0.0,19.860259032
MQ,8,5,1.0,16.2788002727
MQ,8,6,-2.0,4.66643929059
MQ,8,7,-2.0,7.40695296524
MQ,8,8,-2.0,7.38744884038
MQ,8,9,-2.0,5.46166529266
MQ,8,10,0.0,12.9655657063
MQ,8,11,0.0,15.4945504087
MQ,8,12,-2.0,4.9121253406
MQ,8,13,-4.0,0.523841961853
MQ,8,14,-2.0,7.07907293797
MQ,8,15,0.0,16.8785811733
MQ,8,16,-2.0,4.72757201646
MQ,8,17,-3.0,2.07800421644
MQ,8,18,-3.0,2.92024539877
MQ,8,19,-3.0,3.29904632153
MQ,8,20,-2.0,9.52182810368
MQ,8,21,-3.0,4.99113837764
MQ,8,22,-2.0,9.53137789905
MQ,8,23,-3.0,2.88540807914
MQ,8,24,-3.0,4.10189739986
MQ,8,25,-3.0,3.98091342877
MQ,8,26,-3.0,5.10694822888
MQ,8,27,-4.0,1.76209952284
MQ,8,28,-3.0,2.79822767553
MQ,8,29,-2.0,8.09624573379
MQ,8,30,-4.0,1.5565529623
MQ,8,31,-4.0,2.08413461538
MQ,9,1,-3.0,1.77642857143
MQ,9,2,-2.0,4.57544581619
MQ,9,3,-4.0,2.03837638376
MQ,9,4,-2.0,12.2742054693
MQ,9,5,-4.0,0.569948186528
MQ,9,6,-4.0,2.57699443414
MQ,9,7,-4.0,0.485451761103
MQ,9,8,-2.0,9.68662232077
MQ,9,9,-3.0,9.51219512195
MQ,9,10,-4.0,1.11973392461
MQ,9,11,-3.0,2.08419497784
MQ,9,12,0.0,15.5240919199
MQ,9,13,0.0,14.0482822656
MQ,9,14,0.0,12.9670750383
MQ,9,15,-1.0,6.5317577548
MQ,9,16,-4.0,0.869276218612
MQ,9,17,-4.0,0.329637841833
MQ,9,18,-3.0,2.89874353289
MQ,9,19,-3.0,1.05325443787
MQ,9,20,-4.0,0.388115134633
MQ,9,21,-1.0,8.53751914242
MQ,9,22,-3.0,3.82261640798
MQ,9,23,-4.0,-0.944526627219
MQ,9,24,-4.0,1.82717872969
MQ,9,25,-3.0,1.57879234168
MQ,9,26,-3.0,7.62536873156
MQ,9,27,-4.0,3.41890639481
MQ,9,28,-4.0,2.98475609756
MQ,9,29,-3.0,5.48969072165
MQ,9,30,-4.0,0.940915805022
MQ,10,1,-3.0,1.47294117647
MQ,10,2,-4.0,0.810236220472
MQ,10,3,-3.0,3.15378548896
MQ,10,4,-4.0,-0.379921259843
MQ,10,5,-3.0,4.0
MQ,10,6,-3.0,3.32629107981
MQ,10,7,-3.0,4.92097026604
MQ,10,8,-3.0,0.651017214397
MQ,10,9,-3.0,1.01809598741
MQ,10,10,-3.0,3.57097791798
MQ,10,11,-4.0,1.41246290801
MQ,10,12,-3.0,0.482391482391
MQ,10,13,-3.0,1.12598425197
MQ,10,14,-4.0,1.66299212598
MQ,10,15,-2.0,9.83622047244
MQ,10,16,-2.0,6.24330708661
MQ,10,17,-3.0,1.72712933754
MQ,10,18,-4.0,0.907022749753
MQ,10,19,-3.0,0.470925470925
MQ,10,20,-3.0,1.85039370079
MQ,10,21,-4.0,1.4
MQ,10,22,-3.0,3.36771653543
MQ,10,23,-3.0,0.68031496063
MQ,10,24,-2.0,6.47634069401
MQ,10,25,-4.0,2.95351137488
MQ,10,26,-1.0,12.506961507
MQ,10,27,-1.0,11.0937007874
MQ,10,28,-3.0,4.55275590551
MQ,10,29,-3.0,1.08503937008
MQ,10,30,-3.0,1.95511811024
MQ,10,31,-3.0,3.03157063931
MQ,11,1,-4.0,-0.22244488978
MQ,11,2,-3.0,2.63765541741
MQ,11,3,-4.0,-0.372268907563
MQ,11,4,-4.0,-1.56974789916
MQ,11,5,-3.0,1.29411764706
MQ,11,6,-1.0,9.71189279732
MQ,11,7,-1.0,9.14345637584
MQ,11,8,-2.0,5.07826982492
MQ,11,9,-2.0,3.97283085013
MQ,11,10,-3.0,6.24201680672
MQ,11,11,-1.0,10.8114478114
MQ,11,12,-1.0,11.2924369748
MQ,11,13,-2.0,5.51675041876
MQ,11,14,-1.0,8.69966442953
MQ,11,15,-3.0,4.22760041195
MQ,11,16,-2.0,3.64592462752
MQ,11,17,-2.0,2.72521008403
MQ,11,18,-3.0,1.94705882353
MQ,11,19,-3.0,2.00168067227
MQ,11,20,-1.0,5.27051926298
MQ,11,21,-1.0,4.40771812081
MQ,11,22,-1.0,5.1184346035
MQ,11,23,-3.0,1.25503943909
MQ,11,24,-2.0,5.29411764706
MQ,11,25,-2.0,5.58235294118
MQ,11,26,-2.0,3.39782244556
MQ,11,27,-3.0,-0.00455062571104
MQ,11,28,-3.0,0.971456692913
MQ,11,29,-2.0,2.11934156379
MQ,11,30,10.0,33.6643295355
MQ,12,1,24.0,43.0924369748
MQ,12,2,2.0,11.8329113924
MQ,12,3,-1.0,9.78800675676
MQ,12,4,-2.0,3.09595959596
MQ,12,5,-2.0,5.70970464135
MQ,12,6,-2.0,8.196875
MQ,12,7,-2.0,4.93139841689
MQ,12,8,-2.0,3.00760135135
MQ,12,9,0.0,12.1951013514
MQ,12,10,1.0,16.0337837838
MQ,12,11,-1.0,9.31986531987
MQ,12,12,-1.0,4.77383966245
MQ,12,13,-3.0,0.486458333333
MQ,12,14,-2.0,5.56200527704
MQ,12,15,8.0,22.9366554054
MQ,12,16,0.0,25.3893581081
MQ,12,17,20.0,32.3175675676
MQ,12,18,4.0,25.9228813559
MQ,12,19,9.0,35.16057774
MQ,12,20,5.0,28.174553102
MQ,12,21,8.0,34.0363797693
MQ,12,22,15.0,33.8401360544
MQ,12,23,9.0,42.0424808836
MQ,12,24,9.0,43.7233626588
MQ,12,25,0.0,28.953326713
MQ,12,26,0.0,26.2546848382
MQ,12,27,9.0,41.7939011567
MQ,12,28,4.0,17.8339253996
MQ,12,29,-2.0,4.11839863714
MQ,12,30,-2.0,3.31771720613
MQ,12,31,-1.0,10.96812749
OO,1,1,0.0,15.069166128
OO,1,2,0.0,12.217112922
OO,1,3,0.0,13.5442815249
OO,1,4,0.0,18.8016877637
OO,1,5,9.0,37.6719263642
OO,1,6,8.0,31.4969325153
OO,1,7,0.0,18.9361571516
OO,1,8,0.0,19.4088050314
OO,1,9,-3.0,6.64089775561
OO,1,10,-3.0,12.0584615385
OO,1,11,-3.0,6.90786240786
OO,1,12,-5.0,-1.53383458647
OO,1,13,-3.0,2.16184210526
OO,1,14,-4.0,2.51138461538
OO,1,15,-4.0,9.4462602137
OO,1,16,-5.0,1.34644194757
OO,1,17,-1.0,14.6397285626
OO,1,18,-2.0,5.99692874693
OO,1,19,-3.0,3.13468773514
OO,1,20,-3.0,5.80171844019
OO,1,21,15.0,50.0681399632
OO,1,22,1.0,26.0138017566
OO,1,23,-1.0,16.1413449564
OO,1,24,-1.0,14.8430769231
OO,1,25,0.0,17.430325353
OO,1,26,-2.0,6.14511278195
OO,1,27,0.0,16.6717105263
OO,1,28,1.0,31.4403444034
OO,1,29,-1.0,17.7495291902
OO,1,30,-3.0,2.53769470405
OO,1,31,0.0,17.5074074074
OO,2,1,0.0,15.1483990148
OO,2,2,-2.0,12.2372754491
OO,2,3,0.0,15.837944664
OO,2,4,0.0,15.7274401473
OO,2,5,-2.0,6.826875
OO,2,6,0.0,14.7364822871
OO,2,7,-2.0,6.29353846154
OO,2,8,0.0,17.5943279901
OO,2,9,-4.0,2.42771535581
OO,2,10,-2.0,7.29702970297
OO,2,11,-3.0,10.0969135802
OO,2,12,-2.0,14.7265280403
OO,2,13,-2.0,6.26818742293
OO,2,14,2.0,13.7391566265
OO,2,15,-1.0,5.89717378232
OO,2,16,-3.0,4.96332179931
OO,2,17,0.0,14.0125944584
OO,2,18,0.0,19.9305135952
OO,2,19,-1.0,14.774984672
OO,2,20,-3.0,3.55716878403
OO,2,21,-1.0,14.6381182147
OO,2,22,0.0,10.3180998196
OO,2,23,-2.0,12.4451388889
OO,2,24,0.0,18.4424166142
OO,2,25,-1.0,12.1633514165
OO,2,26,-3.0,13.0276923077
OO,2,27,-4.0,0.179176755448
OO,2,28,-4.0,0.690447400242
OO,2,29,0.0,17.2880336741
OO,3,1,-3.0,3.27858627859
OO,3,2,0.0,12.7576312576
OO,3,3,-2.0,10.9965055329
OO,3,4,-4.0,1.95044776119
OO,3,5,-4.0,0.608797653959
OO,3,6,-4.0,1.1073512252
OO,3,7,-3.0,1.89599070308
OO,3,8,-2.0,7.26416382253
OO,3,9,-2.0,9.52596212584
OO,3,10,-4.0,0.395687645688
OO,3,11,-5.0,-0.574671445639
OO,3,12,-5.0,-0.292082111437
OO,3,13,-2.0,7.83955659277
OO,3,14,-1.0,7.84324009324
OO,3,15,-2.0,7.18690313779
OO,3,16,-1.0,5.64002440513
OO,3,17,-2.0,6.74766899767
OO,3,18,-2.0,11.9910501193
OO,3,19,-1.0,11.3771260997
OO,3,20,-3.0,4.67191142191
OO,3,21,0.0,10.7096032202
OO,3,22,-2.0,12.258526603
OO,3,23,-4.0,0.558569667078
OO,3,24,-3.0,3.66413994169
OO,3,25,0.0,17.6917562724
OO,3,26,-3.0,0.773474178404
OO,3,27,-2.0,8.48018648019
OO,3,28,-2.0,4.3858221964
OO,3,29,-2.0,5.2697323267
OO,3,30,0.0,13.2979115479
OO,3,31,0.0,25.4621653085
OO,4,1,-1.0,7.40966010733
OO,4,2,-4.0,-0.502339181287
OO,4,3,-3.0,1.42406542056
OO,4,4,-2.0,6.52735739232
OO,4,5,-3.0,3.37997159091
OO,4,6,-2.0,5.43972939729
OO,4,7,-3.0,0.731188971855
OO,4,8,-4.0,4.73024691358
OO,4,9,-3.0,1.60910703726
OO,4,10,-1.0,16.0375366569
OO,4,11,-2.0,12.0458015267
OO,4,12,-3.0,3.92174567344
OO,4,13,-4.0,0.353426395939
OO,4,14,-3.0,2.37617370892
OO,4,15,-4.0,-0.381863047502
OO,4,16,-4.0,3.0824925816
OO,4,17,-4.0,0.0670588235294
OO,4,18,-3.0,5.39306698002
OO,4,19,-4.0,0.286466165414
OO,4,20,-3.0,1.03762755102
OO,4,21,-4.0,-0.159010600707
OO,4,22,-5.0,-0.779429987608
OO,4,23,-3.0,3.9605734767
OO,4,24,-2.0,4.20047449585
OO,4,25,-2.0,9.17159763314
OO,4,26,-3.0,4.8851095994
OO,4,27,-3.0,0.139460154242
OO,4,28,-3.0,7.50592417062
OO,4,29,-4.0,-0.288019863439
OO,4,30,-4.0,-1.70863309353
OO,5,1,-2.0,8.59137207909
OO,5,2,-2.0,14.4415817855
OO,5,3,-3.0,0.949618320611
OO,5,4,-3.0,7.31551155116
OO,5,5,-4.0,-1.11637672466
OO,5,6,-4.0,-0.86047979798
OO,5,7,-1.0,12.523752255
OO,5,8,-3.0,1.94897959184
OO,5,9,-3.0,-0.375899280576
OO,5,10,-3.0,-0.15969581749
OO,5,11,-2.0,14.1561264822
OO,5,12,-3.0,1.48443113772
OO,5,13,-4.0,1.60138539043
OO,5,14,-3.0,2.23737980769
OO,5,15,-2.0,3.48141486811
OO,5,16,-2.0,4.84232613909
OO,5,17,-3.0,0.183611532625
OO,5,18,-3.0,1.43044619423
OO,5,19,-3.0,1.59963985594
OO,5,20,-2.0,3.07556675063
OO,5,21,-3.0,1.00542822678
OO,5,22,0.0,10.2977190876
OO,5,23,-1.0,5.41486810552
OO,5,24,-2.0,5.07521105142
OO,5,25,-5.0,-3.43500424809
OO,5,26,-3.0,4.13516819572
OO,5,27,-3.0,1.63245236632
OO,5,28,-4.0,-1.56374622356
OO,5,29,-3.0,3.2432269717
OO,5,30,-1.0,15.2525556224
OO,5,31,-3.0,5.51930355791
OO,6,1,-2.0,2.17193675889
OO,6,2,-4.0,-0.682941531043
OO,6,3,-1.0,14.6519823789
OO,6,4,0.0,13.5737605804
OO,6,5,0.0,14.563339171
OO,6,6,-1.0,15.3862310385
OO,6,7,-1.0,8.02693602694
OO,6,8,-1.0,16.4965689333
OO,6,9,0.0,10.2935352359
OO,6,10,-2.0,2.22981732469
OO,6,11,-1.0,5.18304093567
OO,6,12,-1.0,9.19475218659
OO,6,13,0.0,10.031884058
OO,6,14,-2.0,4.66002656042
OO,6,15,0.0,14.139390168
OO,6,16,0.0,12.5799299883
OO,6,17,-2.0,5.28512396694
OO,6,18,-3.0,0.808771929825
OO,6,19,-2.0,2.49620991254
OO,6,20,-1.0,5.69413813117
OO,6,21,-2.0,2.7023255814
OO,6,22,-1.0,8.37336652147
OO,6,23,-1.0,13.7166180758
OO,6,24,-2.0,5.98170011806
OO,6,25,0.0,15.4970760234
OO,6,26,0.0,17.5029171529
OO,6,27,0.0,15.065583285
OO,6,28,-1.0,11.4062708472
OO,6,29,-1.0,16.548125
OO,6,30,-2.0,5.22986478542
OO,7,1,-2.0,6.4755952381
OO,7,2,-2.0,7.55483490566
OO,7,3,-2.0,2.24381625442
OO,7,4,-4.0,2.6079447323
OO,7,5,-3.0,0.942212825934
OO,7,6,-1.0,13.343106675
OO,7,7,0.0,17.8311239193
OO,7,8,-1.0,10.7663410969
OO,7,9,-2.0,4.66937669377
OO,7,10,-2.0,10.4224137931
OO,7,11,-1.0,12.3005714286
OO,7,12,-1.0,9.99539776463
OO,7,13,-1.0,11.2365196078
OO,7,14,-2.0,5.39700805524
OO,7,15,-2.0,7.61438679245
OO,7,16,-2.0,5.7995378394
OO,7,17,-3.0,2.17261219793
OO,7,18,-1.0,12.323798627
OO,7,19,-1.0,9.93021724819
OO,7,20,0.0,13.153893317
OO,7,21,-2.0,12.1981460023
OO,7,22,-3.0,4.62514898689
OO,7,23,-3.0,2.70770128355
OO,7,24,-2.0,3.58720930233
OO,7,25,-2.0,4.98611111111
OO,7,26,-3.0,-0.0551128818061
OO,7,27,-1.0,11.2222222222
OO,7,28,-2.0,6.79825581395
OO,7,29,-3.0,1.64243146603
OO,7,30,-3.0,0.232612507306
OO,7,31,-2.0,9.99360465116
OO,8,1,-1.0,7.62658959538
OO,8,2,-2.0,2.85477453581
OO,8,3,-2.0,4.06276923077
OO,8,4,0.0,23.6220289855
OO,8,5,-1.0,10.6283502085
OO,8,6,-2.0,7.0633059789
OO,8,7,-2.0,7.30952380952
OO,8,8,-2.0,6.58602771363
OO,8,9,-2.0,5.13492063492
OO,8,10,-2.0,3.21340713407
OO,8,11,-3.0,2.024970964
OO,8,12,-4.0,-0.732259988074
OO,8,13,-4.0,-1.65294117647
OO,8,14,-3.0,-0.195589088799
OO,8,15,-2.0,3.27383015598
OO,8,16,-3.0,6.0438247012
OO,8,17,-2.0,7.32819247378
OO,8,18,-2.0,7.23409223584
OO,8,19,-4.0,5.17211055276
OO,8,20,-3.0,2.85483870968
OO,8,21,-3.0,5.73127229489
OO,8,22,-2.0,7.14716312057
OO,8,23,-4.0,1.77752639517
OO,8,24,-3.0,0.757731958763
OO,8,25,-4.0,0.396069088743
OO,8,26,-4.0,0.885277246654
OO,8,27,-4.0,-1.95791457286
OO,8,28,-3.0,-0.109393579073
OO,8,29,-3.0,0.62293144208
OO,8,30,-4.0,-1.05017301038
OO,8,31,-4.0,-1.149
OO,9,1,-4.0,0.674022698613
OO,9,2,-4.0,-1.55548216645
OO,9,3,-4.0,-1.68231511254
OO,9,4,-3.0,7.86426767677
OO,9,5,-4.0,-0.430807764559
OO,9,6,-4.0,-2.11977030353
OO,9,7,-4.0,-1.09090909091
OO,9,8,-3.0,7.83608724389
OO,9,9,-4.0,3.90745856354
OO,9,10,-4.0,-0.252317880795
OO,9,11,-3.0,3.96221498371
OO,9,12,-1.0,14.0860841424
OO,9,13,-2.0,10.8091603053
OO,9,14,-1.0,19.0932784636
OO,9,15,-3.0,7.34937376401
OO,9,16,-4.0,4.34716459198
OO,9,17,-4.0,4.26737260093
OO,9,18,-4.0,-1.078125
OO,9,19,-3.0,-0.277381723914
OO,9,20,-4.0,-2.4199830652
OO,9,21,-3.0,8.39300411523
OO,9,22,-3.0,-0.226040978189
OO,9,23,-5.0,-2.97716262976
OO,9,24,-4.0,-1.41340411413
OO,9,25,-4.0,-0.197909862835
OO,9,26,-3.0,0.139519792343
OO,9,27,-4.0,-1.46898895497
OO,9,28,-4.0,-1.8629476584
OO,9,29,-3.0,8.55291005291
OO,9,30,-5.0,-0.0264255910987
OO,10,1,-5.0,-2.23956931359
OO,10,2,-4.0,3.01517150396
OO,10,3,-3.0,1.95484293194
OO,10,4,-4.0,6.56883116883
OO,10,5,-3.0,4.61746361746
OO,10,6,-4.0,-0.790635451505
OO,10,7,-4.0,3.34989503149
OO,10,8,-4.0,-0.131772575251
OO,10,9,-4.0,-1.51517150396
OO,10,10,-3.0,1.11629434954
OO,10,11,-3.0,1.55864465682
OO,10,12,-2.0,2.42688842689
OO,10,13,-4.0,-0.442217768871
OO,10,14,-4.0,-1.52377622378
OO,10,15,-3.0,5.42656875834
OO,10,16,-4.0,0.427254772877
OO,10,17,-4.0,0.274574049803
OO,10,18,-4.0,-2.00517687662
OO,10,19,-3.0,4.56756756757
OO,10,20,-3.0,2.86324216144
OO,10,21,-4.0,-1.81494413408
OO,10,22,-4.0,-1.07533333333
OO,10,23,-4.0,-0.270216962525
OO,10,24,-3.0,1.93415906128
OO,10,25,-4.0,-0.779808529156
OO,10,26,-3.0,7.03333333333
OO,10,27,-2.0,10.5484301937
OO,10,28,-5.0,-0.624912526242
OO,10,29,-4.0,2.4889632107
OO,10,30,-4.0,0.105610561056
OO,10,31,-4.0,6.23935799023
OO,11,1,-4.0,12.1266375546
OO,11,2,-2.0,7.37219101124
OO,11,3,-4.0,9.23428961749
OO,11,4,-5.0,-1.89964157706
OO,11,5,-4.0,0.955601092896
OO,11,6,-3.0,2.27315436242
OO,11,7,-3.0,3.99865861838
OO,11,8,-3.0,1.84500875657
OO,11,9,-3.0,1.41883345046
OO,11,10,-3.0,2.0976109215
OO,11,11,-3.0,4.43799283154
OO,11,12,-2.0,11.170998632
OO,11,13,-3.0,1.73825503356
OO,11,14,-3.0,1.91812080537
OO,11,15,-5.0,-2.75218150087
OO,11,16,-4.0,-0.350667603654
OO,11,17,-4.0,1.33310580205
OO,11,18,-5.0,-2.8820586133
OO,11,19,-4.0,6.68805460751
OO,11,20,-2.0,8.9255033557
OO,11,21,-3.0,0.501336898396
OO,11,22,-3.0,4.89501312336
OO,11,23,-4.0,-1.39370629371
OO,11,24,-3.0,2.33867595819
OO,11,25,-3.0,-1.21698113208
OO,11,26,-3.0,2.68960863698
OO,11,27,-3.0,3.2819025522
OO,11,28,-4.0,0.198051948052
OO,11,29,-3.0,3.78031383738
OO,11,30,0.0,21.0992671552
OO,12,1,2.0,39.8083278255
OO,12,2,-1.0,6.93908281999
OO,12,3,-2.0,6.39620081411
OO,12,4,-2.0,11.3933333333
OO,12,5,-3.0,3.73537234043
OO,12,6,-3.0,2.06723404255
OO,12,7,-3.0,10.0369853454
OO,12,8,-2.0,6.09289617486
OO,12,9,-3.0,7.49464668094
OO,12,10,-4.0,1.59959211421
OO,12,11,-4.0,1.66998671979
OO,12,12,-3.0,4.27097203728
OO,12,13,-2.0,10.1712802768
OO,12,14,2.0,22.2074947953
OO,12,15,5.0,22.9127789047
OO,12,16,2.0,20.3030518098
OO,12,17,1.0,12.4382174207
OO,12,18,1.0,15.8076923077
OO,12,19,9.0,39.6096433289
OO,12,20,10.0,27.8548042705
OO,12,21,9.0,36.364498645
OO,12,22,10.0,25.453886693
OO,12,23,10.0,43.0926796508
OO,12,24,11.0,43.2698145025
OO,12,25,0.0,14.9127052723
OO,12,26,7.0,30.5085413929
OO,12,27,12.0,40.6980337079
OO,12,28,0.0,15.6534320323
OO,12,29,0.0,8.43754220122
OO,12,30,0.0,10.9527665317
OO,12,31,0.0,11.8747954173
US,1,1,0.0,8.01171875
US,1,2,2.0,12.3922155689
US,1,3,0.5,10.2765321375
US,1,4,-1.0,9.47251114413
US,1,5,1.0,11.8290293856
US,1,6,0.0,9.36527436527
US,1,7,-1.0,8.5285935085
US,1,8,-2.0,6.74686520376
US,1,9,-3.0,2.24980842912
US,1,10,-2.0,3.92428785607
US,1,11,-1.0,6.99626865672
US,1,12,-3.0,1.17641325536
US,1,13,-1.0,5.62530813476
US,1,14,-2.0,2.62132921175
US,1,15,-3.0,0.74921630094
US,1,16,-3.0,1.62605363985
US,1,17,0.0,12.5134932534
US,1,18,0.0,6.59701492537
US,1,19,-1.0,6.67641325536
US,1,20,-2.0,3.04930156122
US,1,21,0.0,7.87867078825
US,1,22,-1.0,7.88793103448
US,1,23,-3.0,3.72567049808
US,1,24,-2.0,4.21889055472
US,1,25,-2.0,3.69029850746
US,1,26,-3.0,2.42787524366
US,1,27,0.0,12.7376237624
US,1,28,-2.0,4.80680061824
US,1,29,-4.0,-0.00470219435737
US,1,30,-3.0,3.8808250573
US,1,31,-2.0,9.68468468468
US,2,1,1.0,19.023880597
US,2,2,-2.0,3.77777777778
US,2,3,-2.0,10.8946058091
US,2,4,0.0,13.3582434515
US,2,5,-2.0,5.22265625
US,2,6,-3.0,1.91284046693
US,2,7,-3.0,3.07831325301
US,2,8,-2.0,6.81661676647
US,2,9,-3.0,2.23294346979
US,2,10,-2.0,5.18001651528
US,2,11,-2.0,5.06646058733
US,2,12,-1.0,11.3957680251
US,2,13,0.0,19.0465838509
US,2,14,-1.0,7.90800299177
US,2,15,0.0,10.7946627131
US,2,16,-2.0,7.19816513761
US,2,17,-2.0,5.50696150696
US,2,18,0.0,11.6684092606
US,2,19,-2.0,6.41928079572
US,2,20,-3.0,7.37160120846
US,2,21,-1.0,7.62266964952
US,2,22,3.0,17.4104089219
US,2,23,0.0,9.25114573786
US,2,24,-1.0,6.82707993475
US,2,25,-2.0,6.32808988764
US,2,26,-2.0,9.20351951033
US,2,27,-2.0,2.90256797583
US,2,28,-2.0,4.77554064131
US,2,29,-1.0,8.043866171
US,3,1,-2.0,5.34283088235
US,3,2,-2.0,4.3081300813
US,3,3,-2.0,5.26566037736
US,3,4,-3.0,4.38880368098
US,3,5,-3.0,4.11010558069
US,3,6,-3.0,3.53805970149
US,3,7,1.0,13.956748695
US,3,8,0.0,18.4745134384
US,3,9,0.0,10.1473251029
US,3,10,-1.0,6.94561933535
US,3,11,-3.0,3.0222392638
US,3,12,-3.0,3.82956259427
US,3,13,-2.0,3.05895522388
US,3,14,0.0,6.93437733035
US,3,15,2.0,21.0490286772
US,3,16,2.0,12.3788003287
US,3,17,-2.0,3.70166163142
US,3,18,-2.0,7.89800613497
US,3,19,0.0,19.628959276
US,3,20,0.0,7.03656716418
US,3,21,-1.0,4.41163310962
US,3,22,-2.0,5.31267345051
US,3,23,-2.0,3.58751027116
US,3,24,-2.0,6.75981873112
US,3,25,-2.0,4.49045072574
US,3,26,-3.0,1.72222222222
US,3,27,-2.0,5.45022288262
US,3,28,-2.0,4.48997772829
US,3,29,-1.0,4.90616375345
US,3,30,-1.0,6.84482758621
US,3,31,0.0,10.5346907994
US,4,1,-1.0,11.4174311927
US,4,2,-3.0,4.69804216867
US,4,3,-2.0,5.36681547619
US,4,4,0.0,16.0990320179
US,4,5,-1.0,6.0037037037
US,4,6,-1.0,11.1538461538
US,4,7,-2.0,3.88795731707
US,4,8,-3.0,3.41499227202
US,4,9,-3.0,3.07488653555
US,4,10,-1.0,6.58059701493
US,4,11,-1.0,9.01116902457
US,4,12,-1.0,6.0219047619
US,4,13,-2.0,4.14039408867
US,4,14,-3.0,3.36259541985
US,4,15,-4.0,1.1514683153
US,4,16,-4.0,2.22517058378
US,4,17,-3.0,0.00749063670412
US,4,18,-3.0,2.99031296572
US,4,19,-4.0,0.506196377502
US,4,20,-2.0,5.51393442623
US,4,21,-3.0,2.10429447853
US,4,22,-4.0,1.18613707165
US,4,23,-3.0,1.94596651446
US,4,24,-3.0,1.9984973704
US,4,25,-3.0,4.44786196549
US,4,26,-3.0,5.5014354067
US,4,27,-2.0,7.13898026316
US,4,28,0.0,15.3428132206
US,4,29,-3.0,0.849144634526
US,4,30,-4.0,-1.125382263
US,5,1,-3.0,2.22330827068
US,5,2,-2.0,5.72155688623
US,5,3,-4.0,1.61781609195
US,5,4,-3.0,2.23735725938
US,5,5,-3.0,2.56030534351
US,5,6,-4.0,-0.426242236025
US,5,7,-4.0,0.658573596358
US,5,8,-2.0,2.86027190332
US,5,9,-1.0,7.38131122833
US,5,10,-4.0,1.42218080149
US,5,11,-2.0,5.26405867971
US,5,12,0.0,12.8045801527
US,5,13,-4.0,1.84083850932
US,5,14,-4.0,-0.541856925419
US,5,15,-3.0,1.80151515152
US,5,16,-1.0,13.8639455782
US,5,17,-3.0,2.58801498127
US,5,18,-2.0,8.26819296811
US,5,19,-2.0,4.37825421133
US,5,20,-2.0,18.6020249221
US,5,21,-2.0,6.19174942704
US,5,22,-1.0,5.98939393939
US,5,23,-2.0,3.32250755287
US,5,24,-3.0,0.919729206963
US,5,25,-5.0,-2.83244680851
US,5,26,-4.0,0.288522012579
US,5,27,-3.0,5.77180685358
US,5,28,-3.0,1.29375951294
US,5,29,-4.0,0.240909090909
US,5,30,-4.0,2.37112622827
US,5,31,-3.0,7.74812734082
US,6,1,-2.0,5.05805396566
US,6,2,-4.0,1.10643185299
US,6,3,-3.0,5.20211960636
US,6,4,-1.0,17.3928035982
US,6,5,-1.0,10.3971471471
US,6,6,-2.0,6.38963963964
US,6,7,-2.0,5.87909090909
US,6,8,-2.0,7.9536
US,6,9,-1.0,7.47147147147
US,6,10,-1.0,11.501510574
US,6,11,-2.0,6.08770614693
US,6,12,-3.0,2.54906367041
US,6,13,-2.0,7.2
US,6,14,-3.0,4.85272727273
US,6,15,-2.0,7.54596322942
US,6,16,0.0,12.1243445693
US,6,17,-2.0,7.78851963746
US,6,18,-2.0,9.91004497751
US,6,19,-1.0,7.05543071161
US,6,20,-2.0,7.15205992509
US,6,21,-2.0,5.89727272727
US,6,22,0.0,15.9104716227
US,6,23,0.0,12.3176029963
US,6,24,-2.0,5.03776435045
US,6,25,-2.0,4.72522522523
US,6,26,-1.0,10.2479400749
US,6,27,0.0,15.027027027
US,6,28,-1.0,6.33727272727
US,6,29,-1.0,9.83772981615
US,6,30,-2.0,4.94831460674
US,7,1,-3.0,2.8580060423
US,7,2,-3.0,5.81661676647
US,7,3,-2.0,4.3447761194
US,7,4,-4.0,0.742574257426
US,7,5,-4.0,2.7174929841
US,7,6,-2.0,12.0176706827
US,7,7,-1.0,10.7441860465
US,7,8,-1.0,15.3288084465
US,7,9,0.0,14.1261261261
US,7,10,-3.0,10.5877520538
US,7,11,-2.0,6.27483196415
US,7,12,-2.0,3.72463768116
US,7,13,0.0,18.0634538153
US,7,14,-1.0,6.88597149287
US,7,15,-3.0,1.76319758673
US,7,16,-4.0,1.01051051051
US,7,17,-3.0,1.86706497386
US,7,18,-2.0,3.66915608663
US,7,19,-2.0,5.85688405797
US,7,20,-2.0,8.84257028112
US,7,21,-2.0,4.96174043511
US,7,22,-2.0,10.4162895928
US,7,23,0.0,21.0277777778
US,7,24,1.0,14.9178491412
US,7,25,-2.0,2.84914115011
US,7,26,-2.0,3.96376811594
US,7,27,-1.0,22.2570281124
US,7,28,-1.0,8.8672168042
US,7,29,-3.0,3.60558069382
US,7,30,-2.0,3.46996996997
US,7,31,-1.0,12.1911874533
US,8,1,-1.0,7.23300970874
US,8,2,0.0,11.7185520362
US,8,3,-1.0,6.93034427542
US,8,4,-2.0,7.29169783096
US,8,5,-2.0,3.94511278195
US,8,6,-2.0,5.42814371257
US,8,7,0.0,12.7602688574
US,8,8,-0.5,8.35692995529
US,8,9,-2.0,3.6940433213
US,8,10,0.0,17.7257417803
US,8,11,0.0,14.664921466
US,8,12,-2.0,4.42921686747
US,8,13,-2.0,4.32255639098
US,8,14,-1.0,13.34601044
US,8,15,0.0,11.7833209233
US,8,16,-2.0,6.28610108303
US,8,17,-2.0,3.69335468375
US,8,18,-2.0,2.94883370956
US,8,19,-3.0,0.557003257329
US,8,20,-2.0,3.93664795509
US,8,21,-2.0,3.36771653543
US,8,22,-3.0,2.76396538159
US,8,23,-3.0,3.54182879377
US,8,24,-3.0,0.654072208228
US,8,25,-2.0,6.79619349722
US,8,26,-3.0,3.51507742461
US,8,27,-3.0,3.03706688155
US,8,28,-2.0,5.79430379747
US,8,29,-2.0,4.11949685535
US,8,30,-3.0,-0.60141509434
US,8,31,-4.0,-0.584905660377
US,9,1,-4.0,-0.13122923588
US,9,2,-4.0,-1.11393442623
US,9,3,-5.0,0.252019386107
US,9,4,-4.0,1.04354711006
US,9,5,-4.0,0.295741324921
US,9,6,-4.0,0.996721311475
US,9,7,-4.0,-0.20695504665
US,9,8,-4.0,2.06377952756
US,9,9,-2.0,8.55163934426
US,9,10,-4.0,1.45836701698
US,9,11,-3.0,2.92715756136
US,9,12,-2.0,6.6621835443
US,9,13,-4.0,2.85245901639
US,9,14,-2.0,3.91850594228
US,9,15,-3.0,2.23046566693
US,9,16,-3.0,1.04276315789
US,9,17,-4.0,1.29740680713
US,9,18,-3.0,0.324861000794
US,9,19,-3.0,2.46772908367
US,9,20,-4.0,0.194719471947
US,9,21,-3.0,0.52
US,9,22,-3.0,2.14454976303
US,9,23,-4.0,0.222222222222
US,9,24,-3.0,1.34415584416
US,9,25,-3.0,3.44320889595
US,9,26,-1.0,11.2147385103
US,9,27,-3.0,1.25909592062
US,9,28,-3.0,7.27754056362
US,9,29,-4.0,0.17167721519
US,9,30,-5.0,-1.28006589786
US,10,1,-4.0,-0.183739837398
US,10,2,-4.0,-0.427892234548
US,10,3,-4.0,-0.514532600157
US,10,4,-5.0,-0.415742793792
US,10,5,-3.0,0.820186598813
US,10,6,-4.0,-0.820330969267
US,10,7,-5.0,-1.24310776942
US,10,8,-4.0,-1.12244897959
US,10,9,-3.0,0.722662440571
US,10,10,-3.0,-0.376868607396
US,10,11,-3.0,-0.124168514412
US,10,12,-3.0,1.27249575552
US,10,13,-3.0,1.93695823483
US,10,14,-4.0,-1.63993316625
US,10,15,-4.0,0.143673469388
US,10,16,-3.0,0.846275752773
US,10,17,-3.0,1.92156862745
US,10,18,-4.0,-0.952275249723
US,10,19,-3.0,1.8726655348
US,10,20,-3.0,0.601260835303
US,10,21,-4.0,-1.66081871345
US,10,22,-4.0,0.755102040816
US,10,23,-3.0,1.12836767036
US,10,24,-2.0,4.8031496063
US,10,25,-3.0,3.29189789123
US,10,26,-3.0,1.83446519525
US,10,27,-2.0,2.30260047281
US,10,28,-3.0,8.84210526316
US,10,29,-5.0,-1.9812244898
US,10,30,-4.0,-0.1735340729
US,10,31,-4.0,-0.322047244094
US,11,1,-5.0,-0.307947019868
US,11,2,-3.0,5.45642795513
US,11,3,-5.0,0.778481012658
US,11,4,-5.0,-0.849282296651
US,11,5,-4.0,-0.897353648757
US,11,6,-3.0,8.31314741036
US,11,7,-3.0,2.47110055424
US,11,8,-4.0,0.41875
US,11,9,-3.0,4.37960582691
US,11,10,-5.0,-0.815664556962
US,11,11,-5.0,-1.55103668262
US,11,12,-4.0,-0.0288692862871
US,11,13,-3.0,6.15219123506
US,11,14,-1.0,13.1045958796
US,11,15,-4.0,2.30721003135
US,11,16,-3.0,3.64493996569
US,11,17,-4.0,-1.16455696203
US,11,18,-5.0,0.127591706539
US,11,19,-4.0,0.477145148356
US,11,20,-3.0,0.975279106858
US,11,21,-1.0,8.35968379447
US,11,22,-3.0,2.53605015674
US,11,23,-4.0,0.868037703513
US,11,24,-4.0,-0.218039215686
US,11,25,-3.0,1.70775193798
US,11,26,-4.0,-1.76301476301
US,11,27,-4.0,0.0138036809816
US,11,28,-5.0,-0.657329598506
US,11,29,-3.0,1.58445297505
US,11,30,0.0,17.5969645868
US,12,1,1.0,15.7601880878
US,12,2,-2.0,4.5219123506
US,12,3,-4.0,0.709179528838
US,12,4,-4.0,1.37983870968
US,12,5,-4.0,0.265550239234
US,12,6,-4.0,0.116577540107
US,12,7,-2.0,6.13217391304
US,12,8,-4.0,0.584828711256
US,12,9,-5.0,1.67325102881
US,12,10,-3.0,6.99350121852
US,12,11,-1.0,14.1516129032
US,12,12,-2.0,4.56812749004
US,12,13,-3.0,0.620616365569
US,12,14,-2.0,9.05913043478
US,12,15,-1.0,12.2373572594
US,12,16,-2.0,6.33909465021
US,12,17,0.0,14.9618196588
US,12,18,0.0,13.022943038
US,12,19,2.0,18.8777602524
US,12,20,5.0,23.0325765054
US,12,21,3.0,23.0677083333
US,12,22,2.0,18.3296442688
US,12,23,1.0,11.6156274665
US,12,24,0.0,12.0358829084
US,12,25,-1.0,7.20245398773
US,12,26,-1.0,10.0436213992
US,12,27,2.0,15.118226601
US,12,28,-1.0,8.77471059662
US,12,29,-2.0,4.8479338843
US,12,30,-2.0,4.00742574257
US,12,31,-1.0,7.55220017256
WN,1,1,5.0,20.944973545
WN,1,2,18.0,29.4621653085
WN,1,3,15.0,24.9333721269
WN,1,4,6.0,18.2102966841
WN,1,5,7.0,21.7807048772
WN,1,6,8.0,18.5775781976
WN,1,7,0.0,8.95605355064
WN,1,8,0.0,5.79831199069
WN,1,9,0.0,3.49941792782
WN,1,10,0.0,5.74687227233
WN,1,11,0.0,5.35165794066
WN,1,12,-2.0,0.42349137931
WN,1,13,1.0,8.60424143556
WN,1,14,-1.0,1.05714285714
WN,1,15,-1.0,3.48425655977
WN,1,16,-1.0,1.9731621937
WN,1,17,3.0,17.4871720117
WN,1,18,4.0,11.816909621
WN,1,19,0.0,4.44201747419
WN,1,20,-1.0,2.74649265905
WN,1,21,4.0,17.0565597668
WN,1,22,1.0,6.61020408163
WN,1,23,0.0,5.67590431739
WN,1,24,1.0,7.61836734694
WN,1,25,2.0,12.8591836735
WN,1,26,0.0,3.81572676728
WN,1,27,9.0,39.271451876
WN,1,28,1.0,8.5944606414
WN,1,29,0.0,4.33469387755
WN,1,30,0.0,3.51487747958
WN,1,31,6.0,30.5344023324
WN,2,1,13.0,29.6207799767
WN,2,2,0.0,3.70530063291
WN,2,3,3.0,32.8737357259
WN,2,4,7.0,24.5113570181
WN,2,5,2.0,17.0829452852
WN,2,6,2.0,16.8568102445
WN,2,7,4.0,12.9161816065
WN,2,8,4.0,12.6633663366
WN,2,9,0.0,3.07335448057
WN,2,10,2.0,10.5311176279
WN,2,11,0.0,9.44525334886
WN,2,12,3.0,23.0629004077
WN,2,13,5.0,26.93502331
WN,2,14,4.0,12.6708381839
WN,2,15,4.0,12.6688992429
WN,2,16,1.0,7.64155432197
WN,2,17,2.0,18.4118605409
WN,2,18,3.0,13.3858474083
WN,2,19,1.0,7.52417006407
WN,2,20,2.0,13.3563519814
WN,2,21,7.0,21.5163075131
WN,2,22,17.0,36.9301106581
WN,2,23,1.0,8.44329896907
WN,2,24,5.0,16.9393939394
WN,2,25,1.0,13.6423995341
WN,2,26,1.0,15.0978450786
WN,2,27,0.0,4.68356643357
WN,2,28,0.0,4.51921956902
WN,2,29,2.0,8.947291788
WN,3,1,0.0,6.08961141951
WN,3,2,2.0,8.82372108179
WN,3,3,0.0,6.14880605708
WN,3,4,0.0,6.22248107164
WN,3,5,1.0,7.16083916084
WN,3,6,1.0,13.8011065812
WN,3,7,8.0,21.6782178218
WN,3,8,2.0,16.7844674029
WN,3,9,3.0,10.8153893888
WN,3,10,1.0,10.7109375
WN,3,11,0.0,6.63975694444
WN,3,12,3.0,17.2759119861
WN,3,13,2.0,9.63229347198
WN,3,14,6.0,14.3357369484
WN,3,15,7.0,18.0890239542
WN,3,16,7.0,17.2212224635
WN,3,17,2.0,8.76905311778
WN,3,18,3.0,22.287817552
WN,3,19,6.0,19.4413633738
WN,3,20,7.0,16.6345821326
WN,3,21,4.0,13.3517400058
WN,3,22,2.0,8.74117647059
WN,3,23,1.0,8.3153822346
WN,3,24,3.0,8.66541570439
WN,3,25,3.0,13.2029445727
WN,3,26,2.0,8.18861929521
WN,3,27,4.0,12.8175792507
WN,3,28,4.0,14.2041990221
WN,3,29,1.0,8.12798573975
WN,3,30,5.0,13.4190653049
WN,3,31,9.0,22.023960739
WN,4,1,2.0,10.9526558891
WN,4,2,0.0,5.28220681687
WN,4,3,3.0,13.7703170029
WN,4,4,7.0,20.3156384505
WN,4,5,0.0,7.31141130466
WN,4,6,2.0,13.3520518359
WN,4,7,0.0,5.14075993092
WN,4,8,0.0,4.83448474381
WN,4,9,1.0,8.42597926267
WN,4,10,7.0,19.2468390805
WN,4,11,3.0,10.6912482066
WN,4,12,0.0,4.31923213651
WN,4,13,1.0,7.78216599815
WN,4,14,0.0,4.21790443293
WN,4,15,0.0,3.53655728267
WN,4,16,-1.0,1.57142857143
WN,4,17,1.0,8.53497706422
WN,4,18,1.0,8.38505582594
WN,4,19,2.0,16.638464273
WN,4,20,1.0,11.8488765774
WN,4,21,0.0,3.70752009185
WN,4,22,-1.0,1.95203905801
WN,4,23,0.0,5.35172413793
WN,4,24,1.0,5.38646788991
WN,4,25,2.0,19.4050959061
WN,4,26,-1.0,3.28048346961
WN,4,27,0.0,2.92613111727
WN,4,28,0.0,6.39006888634
WN,4,29,-1.0,1.08989086732
WN,4,30,0.0,2.34568965517
WN,5,1,1.0,5.86181192661
WN,5,2,5.0,24.9899799599
WN,5,3,-1.0,1.9331674369
WN,5,4,0.0,5.87596183441
WN,5,5,0.0,4.47587593337
WN,5,6,-1.0,3.38541068352
WN,5,7,0.0,6.7683908046
WN,5,8,0.0,4.65538990826
WN,5,9,2.0,12.0735757229
WN,5,10,0.0,4.67875828392
WN,5,11,1.0,8.22713414634
WN,5,12,3.0,17.2251445087
WN,5,13,0.0,5.54219653179
WN,5,14,0.0,6.78815028902
WN,5,15,3.0,11.6479768786
WN,5,16,5.0,19.0830210435
WN,5,17,0.0,2.80541103018
WN,5,18,2.0,11.0734756098
WN,5,19,1.0,7.94450867052
WN,5,20,1.0,9.11300578035
WN,5,21,1.0,7.1936416185
WN,5,22,8.5,21.5020231214
WN,5,23,5.0,17.2623234361
WN,5,24,1.0,8.1065026362
WN,5,25,-1.0,3.46101438304
WN,5,26,0.0,4.95396505376
WN,5,27,1.0,16.8875722543
WN,5,28,0.0,6.00346820809
WN,5,29,0.0,4.06734104046
WN,5,30,1.0,8.88526953012
WN,5,31,1.0,13.6552202567
WN,6,1,1.0,6.30396341463
WN,6,2,0.0,3.25809248555
WN,6,3,0.0,8.03468208092
WN,6,4,2.0,22.5365994236
WN,6,5,4.0,13.1417867435
WN,6,6,3.0,11.9212417361
WN,6,7,1.0,8.97647872708
WN,6,8,4.0,22.0075987842
WN,6,9,3.0,14.3530259366
WN,6,10,3.0,18.6515850144
WN,6,11,2.0,8.61239193084
WN,6,12,3.0,12.0602305476
WN,6,13,5.0,20.1937338316
WN,6,14,1.0,8.54341058457
WN,6,15,4.0,16.1100303951
WN,6,16,3.0,22.1919308357
WN,6,17,2.0,12.8354466859
WN,6,18,1.0,8.64553314121
WN,6,19,5.0,21.4821325648
WN,6,20,2.0,7.30985915493
WN,6,21,2.0,17.9114493255
WN,6,22,3.0,21.8772036474
WN,6,23,3.0,15.0103746398
WN,6,24,2.0,12.8152737752
WN,6,25,2.0,13.3463976945
WN,6,26,2.0,16.2729106628
WN,6,27,3.0,16.7254958321
WN,6,28,0.0,7.68938083708
WN,6,29,1.0,12.4063829787
WN,6,30,0.0,3.62997118156
WN,7,1,0.0,3.06628242075
WN,7,2,0.0,7.45360230548
WN,7,3,0.0,4.58251586844
WN,7,4,-1.0,3.02259446825
WN,7,5,-1.0,1.79728789986
WN,7,6,1.0,14.025804493
WN,7,7,3.0,16.7873993096
WN,7,8,4.0,23.846685879
WN,7,9,1.0,11.9570605187
WN,7,10,0.0,11.560518732
WN,7,11,1.0,7.7309571716
WN,7,12,1.0,8.2846765825
WN,7,13,1.0,25.4097264438
WN,7,14,1.0,8.75850144092
WN,7,15,0.0,8.56051873199
WN,7,16,0.0,6.60086455331
WN,7,17,1.0,8.01642651297
WN,7,18,0.0,6.07789594711
WN,7,19,0.0,4.1124178485
WN,7,20,0.0,9.90607902736
WN,7,21,0.0,7.96282420749
WN,7,22,0.0,6.29913544669
WN,7,23,1.0,23.4149855908
WN,7,24,2.0,9.84985590778
WN,7,25,1.0,9.16470250072
WN,7,26,0.0,7.45105499827
WN,7,27,2.0,21.4185410334
WN,7,28,0.0,4.29020172911
WN,7,29,0.0,5.19971181556
WN,7,30,0.0,6.86340057637
WN,7,31,1.0,9.71066282421
WN,8,1,1.0,6.51480310434
WN,8,2,2.0,13.3196125908
WN,8,3,1.0,5.77537993921
WN,8,4,1.0,15.5818965517
WN,8,5,1.0,12.6051724138
WN,8,6,0.0,6.92068965517
WN,8,7,2.0,16.4416666667
WN,8,8,1.0,10.0232158212
WN,8,9,1.0,7.24422214557
WN,8,10,2.0,21.6309090909
WN,8,11,1.0,10.1517241379
WN,8,12,0.0,4.02155172414
WN,8,13,0.0,4.50517241379
WN,8,14,1.0,12.7227011494
WN,8,15,4.0,15.9323588421
WN,8,16,1.0,9.9855122456
WN,8,17,0.0,6.13666666667
WN,8,18,0.0,3.99568965517
WN,8,19,-1.0,1.77442528736
WN,8,20,0.0,6.4341954023
WN,8,21,0.0,6.09195402299
WN,8,22,0.0,5.14015477214
WN,8,23,0.0,3.61856913183
WN,8,24,0.0,6.43468540402
WN,8,25,0.0,8.64061592098
WN,8,26,0.0,7.02062754213
WN,8,27,-1.0,2.16792562464
WN,8,28,0.0,4.99854735619
WN,8,29,1.0,9.88407902382
WN,8,30,0.0,3.41445783133
WN,8,31,-1.0,0.997264021888
WN,9,1,-1.0,1.7868960953
WN,9,2,-1.0,0.692240880139
WN,9,3,-1.0,0.0628257093225
WN,9,4,-1.0,0.513896931094
WN,9,5,-1.0,2.20469021424
WN,9,6,-2.0,2.18505195843
WN,9,7,-1.0,2.63760738148
WN,9,8,-1.0,5.12044006948
WN,9,9,-1.0,5.88477127968
WN,9,10,-1.0,1.84394904459
WN,9,11,0.0,7.81760277939
WN,9,12,0.0,8.04400694847
WN,9,13,-1.0,2.74740207834
WN,9,14,0.0,7.04104358893
WN,9,15,0.0,3.17573827446
WN,9,16,-1.0,1.94238563984
WN,9,17,-1.0,2.10075275043
WN,9,18,0.0,3.63607411697
WN,9,19,0.0,6.12825709323
WN,9,20,-1.0,1.28417266187
WN,9,21,1.0,5.63888005091
WN,9,22,-1.0,2.59930515345
WN,9,23,-2.0,-0.393167342212
WN,9,24,-1.0,3.26548928778
WN,9,25,0.0,7.77967573827
WN,9,26,1.0,12.1997683845
WN,9,27,-1.0,2.70801755086
WN,9,28,0.0,7.17752234994
WN,9,29,-1.0,2.21858714534
WN,9,30,-2.0,0.839606253619
WN,10,1,-1.0,1.28199189346
WN,10,2,-1.0,2.68992472496
WN,10,3,0.0,4.79241459178
WN,10,4,-1.0,2.16800966962
WN,10,5,0.0,5.66251596424
WN,10,6,-1.0,2.62159814708
WN,10,7,-1.0,1.24609148813
WN,10,8,-1.0,3.79907353793
WN,10,9,0.0,6.12246670527
WN,10,10,1.0,7.34076433121
WN,10,11,0.0,3.18614020951
WN,10,12,0.0,6.72669220945
WN,10,13,0.0,4.28546612623
WN,10,14,-1.0,2.50202663578
WN,10,15,0.0,4.21627099016
WN,10,16,0.0,4.5127388535
WN,10,17,1.0,6.49826288361
WN,10,18,-1.0,1.9911361805
WN,10,19,1.0,5.72318007663
WN,10,20,0.0,3.39548349739
WN,10,21,-1.0,1.99276201506
WN,10,22,0.0,9.17602779386
WN,10,23,1.0,7.33034163289
WN,10,24,2.0,8.13839027215
WN,10,25,-1.0,1.81345688961
WN,10,26,1.0,7.03256704981
WN,10,27,1.0,9.211059641
WN,10,28,-1.0,6.95425593515
WN,10,29,-1.0,1.26635784598
WN,10,30,0.0,3.84308048639
WN,10,31,-1.0,4.06461352657
WN,11,1,-1.0,2.4154589372
WN,11,2,0.0,18.5638752053
WN,11,3,-2.0,1.11117511521
WN,11,4,-1.0,5.258640553
WN,11,5,-1.0,0.956221198157
WN,11,6,0.0,6.27188940092
WN,11,7,1.0,11.7367511521
WN,11,8,-1.0,1.67350157729
WN,11,9,1.0,21.1885057471
WN,11,10,-1.0,3.40351382488
WN,11,11,-1.0,3.42050691244
WN,11,12,-1.0,1.84504608295
WN,11,13,0.0,6.46601382488
WN,11,14,0.0,9.01872119816
WN,11,15,-1.0,1.68848580442
WN,11,16,0.0,5.25944170772
WN,11,17,-1.0,0.707373271889
WN,11,18,-2.0,-0.154953917051
WN,11,19,-1.0,1.42079493088
WN,11,20,0.0,4.96572580645
WN,11,21,1.0,12.1923963134
WN,11,22,1.0,14.035488959
WN,11,23,-1.0,2.90870279146
WN,11,24,-1.0,1.81538018433
WN,11,25,0.0,3.35194730813
WN,11,26,0.0,6.50572737686
WN,11,27,-1.0,1.73952230735
WN,11,28,-1.0,0.991889985896
WN,11,29,0.0,5.95611930065
WN,11,30,13.0,34.3011296076
WN,12,1,23.0,42.1166474654
WN,12,2,1.0,5.42799539171
WN,12,3,0.0,5.48783382789
WN,12,4,0.0,5.78905325444
WN,12,5,0.0,5.92041420118
WN,12,6,-1.0,2.06073838825
WN,12,7,0.0,6.174379611
WN,12,8,-1.0,1.19526627219
WN,12,9,-1.0,2.4724852071
WN,12,10,-1.0,5.79940828402
WN,12,11,0.0,9.83224852071
WN,12,12,1.0,8.70059171598
WN,12,13,1.0,8.3497419611
WN,12,14,1.0,10.4527162978
WN,12,15,2.0,15.7275147929
WN,12,16,4.0,25.6665680473
WN,12,17,17.0,36.2772189349
WN,12,18,28.0,46.5210059172
WN,12,19,27.5,57.1843195266
WN,12,20,16.0,32.6526399365
WN,12,21,17.0,37.6928236083
WN,12,22,13.0,25.9103550296
WN,12,23,17.0,51.8177514793
WN,12,24,13.0,29.7992172211
WN,12,25,3.0,16.5778704055
WN,12,26,14.0,39.0869696058
WN,12,27,22.0,40.8076388889
WN,12,28,5.0,16.0851777331
WN,12,29,3.0,10.3810650888
WN,12,30,3.0,10.5852071006
WN,12,31,5.0,16.753816047
